-- MariaDB dump 10.18  Distrib 10.4.16-MariaDB, for Linux (x86_64)
--
-- Host: localhost    Database: db_covid
-- ------------------------------------------------------
-- Server version	10.4.16-MariaDB

/*!40101 SET @OLD_CHARACTER_SET_CLIENT=@@CHARACTER_SET_CLIENT */;
/*!40101 SET @OLD_CHARACTER_SET_RESULTS=@@CHARACTER_SET_RESULTS */;
/*!40101 SET @OLD_COLLATION_CONNECTION=@@COLLATION_CONNECTION */;
/*!40101 SET NAMES utf8mb4 */;
/*!40103 SET @OLD_TIME_ZONE=@@TIME_ZONE */;
/*!40103 SET TIME_ZONE='+00:00' */;
/*!40014 SET @OLD_UNIQUE_CHECKS=@@UNIQUE_CHECKS, UNIQUE_CHECKS=0 */;
/*!40014 SET @OLD_FOREIGN_KEY_CHECKS=@@FOREIGN_KEY_CHECKS, FOREIGN_KEY_CHECKS=0 */;
/*!40101 SET @OLD_SQL_MODE=@@SQL_MODE, SQL_MODE='NO_AUTO_VALUE_ON_ZERO' */;
/*!40111 SET @OLD_SQL_NOTES=@@SQL_NOTES, SQL_NOTES=0 */;

--
-- Table structure for table `dataCovid`
--

DROP TABLE IF EXISTS `dataCovid`;
/*!40101 SET @saved_cs_client     = @@character_set_client */;
/*!40101 SET character_set_client = utf8 */;
CREATE TABLE `dataCovid` (
  `id` date NOT NULL,
  `jumlah_meninggal` int(11) NOT NULL,
  `jumlah_sembuh` int(11) NOT NULL,
  `jumlah_positif` int(11) NOT NULL,
  `jumlah_dirawat` int(11) NOT NULL,
  `jumlah_positif_kum` int(11) NOT NULL,
  `jumlah_sembuh_kum` int(11) NOT NULL,
  `jumlah_meninggal_kum` int(11) NOT NULL,
  `jumlah_dirawat_kum` int(11) NOT NULL,
  PRIMARY KEY (`id`)
) ENGINE=InnoDB DEFAULT CHARSET=utf8mb4;
/*!40101 SET character_set_client = @saved_cs_client */;

--
-- Dumping data for table `dataCovid`
--

LOCK TABLES `dataCovid` WRITE;
/*!40000 ALTER TABLE `dataCovid` DISABLE KEYS */;
INSERT INTO `dataCovid` VALUES ('2020-03-02',0,0,2,2,2,0,0,2),('2020-03-03',0,0,0,0,2,0,0,2),('2020-03-04',0,0,0,0,2,0,0,2),('2020-03-05',0,0,0,0,2,0,0,2),('2020-03-06',0,0,2,2,4,0,0,4),('2020-03-07',0,0,0,0,4,0,0,4),('2020-03-08',0,0,2,2,6,0,0,6),('2020-03-09',0,0,13,13,19,0,0,19),('2020-03-10',0,2,8,6,27,2,0,25),('2020-03-11',1,0,7,6,34,2,1,31),('2020-03-12',0,0,0,0,34,2,1,31),('2020-03-13',3,0,35,32,69,2,4,63),('2020-03-14',1,6,27,20,96,8,5,83),('2020-03-15',0,0,21,21,117,8,5,104),('2020-03-16',0,0,17,17,134,8,5,121),('2020-03-17',0,1,38,37,172,9,5,158),('2020-03-18',14,2,55,39,227,11,19,197),('2020-03-19',6,4,82,72,309,15,25,269),('2020-03-20',7,2,60,51,369,17,32,320),('2020-03-21',6,3,81,72,450,20,38,392),('2020-03-22',10,9,64,45,514,29,48,437),('2020-03-23',1,1,65,63,579,30,49,500),('2020-03-24',6,0,106,100,685,30,55,600),('2020-03-25',3,1,105,101,790,31,58,701),('2020-03-26',20,4,103,79,893,35,78,780),('2020-03-27',9,11,153,133,1046,46,87,913),('2020-03-28',15,13,109,81,1155,59,102,994),('2020-03-29',12,5,130,113,1285,64,114,1107),('2020-03-30',8,11,129,110,1414,75,122,1217),('2020-03-31',14,6,114,94,1528,81,136,1311),('2020-04-01',21,22,149,106,1677,103,157,1417),('2020-04-02',13,9,113,91,1790,112,170,1508),('2020-04-03',11,22,196,163,1986,134,181,1671),('2020-04-04',10,16,106,80,2092,150,191,1751),('2020-04-05',7,14,181,160,2273,164,198,1911),('2020-04-06',11,28,218,179,2491,192,209,2090),('2020-04-07',12,12,247,223,2738,204,221,2313),('2020-04-08',19,18,218,181,2956,222,240,2494),('2020-04-09',40,30,337,267,3293,252,280,2761),('2020-04-10',26,30,219,163,3512,282,306,2924),('2020-04-11',21,4,330,305,3842,286,327,3229),('2020-04-12',46,73,399,280,4241,359,373,3509),('2020-04-13',26,21,316,269,4557,380,399,3778),('2020-04-14',60,46,282,176,4839,426,459,3954),('2020-04-15',10,20,297,267,5136,446,469,4221),('2020-04-16',27,102,380,251,5516,548,496,4472),('2020-04-17',24,59,407,324,5923,607,520,4796),('2020-04-18',15,24,325,286,6248,631,535,5082),('2020-04-19',47,55,327,225,6575,686,582,5307),('2020-04-20',8,61,185,116,6760,747,590,5423),('2020-04-21',26,95,375,254,7135,842,616,5677),('2020-04-22',19,71,283,193,7418,913,635,5870),('2020-04-23',12,47,357,298,7775,960,647,6168),('2020-04-24',42,42,436,352,8211,1002,689,6520),('2020-04-25',31,40,396,325,8607,1042,720,6845),('2020-04-26',23,65,275,187,8882,1107,743,7032),('2020-04-27',22,44,214,148,9096,1151,765,7180),('2020-04-28',8,103,415,304,9511,1254,773,7484),('2020-04-29',11,137,260,112,9771,1391,784,7596),('2020-04-30',8,131,347,208,10118,1522,792,7804),('2020-05-01',8,69,433,356,10551,1591,800,8160),('2020-05-02',31,74,292,187,10843,1665,831,8347),('2020-05-03',14,211,349,124,11192,1876,845,8471),('2020-05-04',19,78,395,298,11587,1954,864,8769),('2020-05-05',8,243,484,233,12071,2197,872,9002),('2020-05-06',23,120,367,224,12438,2317,895,9226),('2020-05-07',35,64,338,239,12776,2381,930,9465),('2020-05-08',13,113,336,210,13112,2494,943,9675),('2020-05-09',16,113,533,404,13645,2607,959,10079),('2020-05-10',14,91,387,282,14032,2698,973,10361),('2020-05-11',18,183,233,32,14265,2881,991,10393),('2020-05-12',16,182,484,286,14749,3063,1007,10679),('2020-05-13',21,224,689,444,15438,3287,1028,11123),('2020-05-14',15,231,568,322,16006,3518,1043,11445),('2020-05-15',33,285,490,172,16496,3803,1076,11617),('2020-05-16',13,108,529,408,17025,3911,1089,12025),('2020-05-17',59,218,489,212,17514,4129,1148,12237),('2020-05-18',43,195,496,258,18010,4324,1191,12495),('2020-05-19',30,143,486,313,18496,4467,1221,12808),('2020-05-20',21,108,693,564,19189,4575,1242,13372),('2020-05-21',36,263,973,674,20162,4838,1278,14046),('2020-05-22',48,219,634,367,20796,5057,1326,14413),('2020-05-23',25,192,949,732,21745,5249,1351,15145),('2020-05-24',21,153,526,352,22271,5402,1372,15497),('2020-05-25',19,240,479,220,22750,5642,1391,15717),('2020-05-26',27,235,415,153,23165,5877,1418,15870),('2020-05-27',55,180,686,451,23851,6057,1473,16321),('2020-05-28',23,183,687,481,24538,6240,1496,16802),('2020-05-29',24,252,678,402,25216,6492,1520,17204),('2020-05-30',53,523,557,-19,25773,7015,1573,17185),('2020-05-31',40,293,700,367,26473,7308,1613,17552),('2020-06-01',28,329,467,110,26940,7637,1641,17662),('2020-06-02',22,298,609,289,27549,7935,1663,17951),('2020-06-03',35,471,684,178,28233,8406,1698,18129),('2020-06-04',23,486,585,76,28818,8892,1721,18205),('2020-06-05',49,551,703,103,29521,9443,1770,18308),('2020-06-06',31,464,993,498,30514,9907,1801,18806),('2020-06-07',50,591,672,31,31186,10498,1851,18837),('2020-06-08',32,406,847,409,32033,10904,1883,19246),('2020-06-09',40,510,1042,492,33075,11414,1923,19738),('2020-06-10',36,715,1241,490,34316,12129,1959,20228),('2020-06-11',41,507,979,431,35295,12636,2000,20659),('2020-06-12',48,577,1111,486,36406,13213,2048,21145),('2020-06-13',43,563,1014,408,37420,13776,2091,21553),('2020-06-14',43,755,857,59,38277,14531,2134,21612),('2020-06-15',64,592,1017,361,39294,15123,2198,21973),('2020-06-16',33,580,1106,493,40400,15703,2231,22466),('2020-06-17',45,540,1031,446,41431,16243,2276,22912),('2020-06-18',63,555,1331,713,42762,16798,2339,23625),('2020-06-19',34,551,1041,456,43803,17349,2373,24081),('2020-06-20',56,534,1226,636,45029,17883,2429,24717),('2020-06-21',36,521,862,305,45891,18404,2465,25022),('2020-06-22',35,331,954,588,46845,18735,2500,25610),('2020-06-23',35,506,1051,510,47896,19241,2535,26120),('2020-06-24',38,417,1113,658,49009,19658,2573,26778),('2020-06-25',47,791,1178,340,50187,20449,2620,27118),('2020-06-26',63,884,1240,293,51427,21333,2683,27411),('2020-06-27',37,576,1385,772,52812,21909,2720,28183),('2020-06-28',34,1027,1198,137,54010,22936,2754,28320),('2020-06-29',51,864,1082,167,55092,23800,2805,28487),('2020-06-30',71,1006,1293,216,56385,24806,2876,28703),('2020-07-01',58,789,1385,538,57770,25595,2934,29241),('2020-07-02',53,1072,1624,499,59394,26667,2987,29740),('2020-07-03',49,901,1301,351,60695,27568,3036,30091),('2020-07-04',53,651,1447,743,62142,28219,3089,30834),('2020-07-05',82,886,1607,639,63749,29105,3171,31473),('2020-07-06',70,814,1209,325,64958,29919,3241,31798),('2020-07-07',68,866,1268,334,66226,30785,3309,32132),('2020-07-08',50,800,1853,1003,68079,31585,3359,33135),('2020-07-09',58,1066,2657,1533,70736,32651,3417,34668),('2020-07-10',52,878,1611,681,72347,33529,3469,35349),('2020-07-11',66,1190,1671,415,74018,34719,3535,35764),('2020-07-12',71,919,1681,691,75699,35638,3606,36455),('2020-07-13',50,1051,1282,181,76981,36689,3656,36636),('2020-07-14',54,947,1591,590,78572,37636,3710,37226),('2020-07-15',87,1414,1522,21,80094,39050,3797,37247),('2020-07-16',76,1295,1574,203,81668,40345,3873,37450),('2020-07-17',84,1489,1462,-111,83130,41834,3957,37339),('2020-07-18',59,1434,1752,259,84882,43268,4016,37598),('2020-07-19',127,2133,1639,-621,86521,45401,4143,36977),('2020-07-20',96,1576,1693,21,88214,46977,4239,36998),('2020-07-21',81,1489,1655,85,89869,48466,4320,37083),('2020-07-22',139,1789,1882,-46,91751,50255,4459,37037),('2020-07-23',117,1909,1906,-120,93657,52164,4576,36917),('2020-07-24',89,1781,1761,-109,95418,53945,4665,36808),('2020-07-25',49,1409,1868,410,97286,55354,4714,37218),('2020-07-26',67,1301,1492,124,98778,56655,4781,37342),('2020-07-27',57,1518,1525,-50,100303,58173,4838,37292),('2020-07-28',63,2366,1748,-681,102051,60539,4901,36611),('2020-07-29',74,1599,2381,708,104432,62138,4975,37319),('2020-07-30',83,2154,1904,-333,106336,64292,5058,36986),('2020-07-31',73,1615,2040,352,108376,65907,5131,37338),('2020-08-01',62,2012,1560,-514,109936,67919,5193,36824),('2020-08-02',43,1056,1519,420,111455,68975,5236,37244),('2020-08-03',66,1262,1679,351,113134,70237,5302,37595),('2020-08-04',86,1813,1922,23,115056,72050,5388,37618),('2020-08-05',64,1839,1815,-88,116871,73889,5452,37530),('2020-08-06',69,1756,1882,57,118753,75645,5521,37587),('2020-08-07',72,1912,2473,489,121226,77557,5593,38076),('2020-08-08',65,1749,2277,463,123503,79306,5658,38539),('2020-08-09',65,1646,1893,182,125396,80952,5723,38721),('2020-08-10',42,1284,1687,361,127083,82236,5765,39082),('2020-08-11',59,1474,1693,160,128776,83710,5824,39242),('2020-08-12',79,2088,1942,-225,130718,85798,5903,39017),('2020-08-13',65,1760,2098,273,132816,87558,5968,39290),('2020-08-14',53,2060,2307,194,135123,89618,6021,39484),('2020-08-15',50,1703,2345,592,137468,91321,6071,40076),('2020-08-16',79,1782,2081,220,139549,93103,6150,40296),('2020-08-17',57,1355,1821,409,141370,94458,6207,40705),('2020-08-18',70,1848,1673,-245,143043,96306,6277,40460),('2020-08-19',69,2351,1902,-518,144945,98657,6346,39942),('2020-08-20',72,2017,2266,177,147211,100674,6418,40119),('2020-08-21',82,2317,2197,-202,149408,102991,6500,39917),('2020-08-22',94,2207,2090,-211,151498,105198,6594,39706),('2020-08-23',86,2302,2037,-351,153535,107500,6680,39355),('2020-08-24',79,3560,1877,-1762,155412,111060,6759,37593),('2020-08-25',99,1807,2447,541,157859,112867,6858,38134),('2020-08-26',86,2542,2306,-322,160165,115409,6944,37812),('2020-08-27',120,3166,2719,-567,162884,118575,7064,37245),('2020-08-28',105,2325,3003,573,165887,120900,7169,37818),('2020-08-29',92,1902,3308,1314,169195,122802,7261,39132),('2020-08-30',82,1383,2858,1393,172053,124185,7343,40525),('2020-08-31',74,1774,2743,895,174796,125959,7417,41420),('2020-09-01',88,2098,2775,589,177571,128057,7505,42009),('2020-09-02',111,1914,3075,1050,180646,129971,7616,43059),('2020-09-03',134,2084,3622,1404,184268,132055,7750,44463),('2020-09-04',82,2126,3269,1061,187537,134181,7832,45524),('2020-09-05',108,2220,3128,800,190665,136401,7940,46324),('2020-09-06',85,2174,3444,1185,194109,138575,8025,47509),('2020-09-07',105,2077,2880,698,196989,140652,8130,48207),('2020-09-08',100,2306,3046,640,200035,142958,8230,48847),('2020-09-09',106,2242,3307,959,203342,145200,8336,49806),('2020-09-10',120,2310,3861,1431,207203,147510,8456,51237),('2020-09-11',88,2707,3737,942,210940,150217,8544,52179),('2020-09-12',106,2241,3806,1459,214746,152458,8650,53638),('2020-09-13',73,2552,3636,1011,218382,155010,8723,54649),('2020-09-14',118,3395,3141,-372,221523,158405,8841,54277),('2020-09-15',124,2660,3507,723,225030,161065,8965,55000),('2020-09-16',135,3036,3963,792,228993,164101,9100,55792),('2020-09-17',122,2585,3635,928,232628,166686,9222,56720),('2020-09-18',114,4088,3891,-311,236519,170774,9336,56409),('2020-09-19',112,3576,4168,480,240687,174350,9448,56889),('2020-09-20',105,2977,3989,907,244676,177327,9553,57796),('2020-09-21',124,3470,4176,582,248852,180797,9677,58378),('2020-09-22',160,3501,4071,410,252923,184298,9837,58788),('2020-09-23',140,3660,4465,665,257388,187958,9977,59453),('2020-09-24',128,3895,4634,611,262022,191853,10105,60064),('2020-09-25',113,4343,4823,367,266845,196196,10218,60431),('2020-09-26',90,3207,4494,1197,271339,199403,10308,61628),('2020-09-27',78,3611,3874,185,275213,203014,10386,61813),('2020-09-28',87,3856,3509,-434,278722,206870,10473,61379),('2020-09-29',128,3567,4002,307,282724,210437,10601,61686),('2020-09-30',139,4510,4284,-365,287008,214947,10740,61321),('2020-10-01',116,3540,4174,518,291182,218487,10856,61839),('2020-10-02',116,2853,4317,1348,295499,221340,10972,63187),('2020-10-03',83,3712,4007,212,299506,225052,11055,63399),('2020-10-04',96,3401,3992,495,303498,228453,11151,63894),('2020-10-05',102,4140,3622,-620,307120,232593,11253,63274),('2020-10-06',121,3844,4056,91,311176,236437,11374,63365),('2020-10-07',98,3854,4538,586,315714,240291,11472,63951),('2020-10-08',108,3769,4850,973,320564,244060,11580,64924),('2020-10-09',97,3607,4094,390,324658,247667,11677,65314),('2020-10-10',88,3814,4294,392,328952,251481,11765,65706),('2020-10-11',79,3546,4497,872,333449,255027,11844,66578),('2020-10-12',91,3492,3267,-316,336716,258519,11935,66262),('2020-10-13',92,4777,3906,-963,340622,263296,12027,65299),('2020-10-14',129,4555,4127,-557,344749,267851,12156,64742),('2020-10-15',112,5810,4411,-1511,349160,273661,12268,63231),('2020-10-16',79,3883,4301,339,353461,277544,12347,63570),('2020-10-17',84,4048,4301,169,357762,281592,12431,63739),('2020-10-18',80,3732,4105,293,361867,285324,12511,64032),('2020-10-19',106,3919,3373,-652,365240,289243,12617,63380),('2020-10-20',117,4410,3602,-925,368842,293653,12734,62455),('2020-10-21',123,3856,4267,288,373109,297509,12857,62743),('2020-10-22',102,3497,4432,833,377541,301006,12959,63576),('2020-10-23',118,4094,4369,157,381910,305100,13077,63733),('2020-10-24',128,4119,4070,-177,385980,309219,13205,63556),('2020-10-25',94,4545,3732,-907,389712,313764,13299,62649),('2020-10-26',112,3908,3222,-798,392934,317672,13411,61851),('2020-10-27',101,4576,3520,-1157,396454,322248,13512,60694),('2020-10-28',100,3545,4029,384,400483,325793,13612,61078),('2020-10-29',89,3985,3565,-509,404048,329778,13701,60569),('2020-10-30',81,4517,2897,-1701,406945,334295,13782,58868),('2020-10-31',87,3506,3143,-450,410088,337801,13869,58418),('2020-11-01',74,4141,2696,-1519,412784,341942,13943,56899),('2020-11-02',101,3624,2618,-1107,415402,345566,14044,55792),('2020-11-03',102,3931,2973,-1060,418375,349497,14146,54732),('2020-11-04',113,3785,3356,-542,421731,353282,14259,54190),('2020-11-05',89,3860,4065,116,425796,357142,14348,54306),('2020-11-06',94,3563,3778,121,429574,360705,14442,54427),('2020-11-07',98,3712,4262,452,433836,364417,14540,54879),('2020-11-08',74,3881,3880,-75,437716,368298,14614,54804),('2020-11-09',75,3968,2853,-1190,440569,372266,14689,53614),('2020-11-10',72,3475,3779,232,444348,375741,14761,53846),('2020-11-11',75,3241,3770,454,448118,378982,14836,54300),('2020-11-12',97,3102,4173,974,452291,382084,14933,55274),('2020-11-13',104,3010,5444,2330,457735,385094,15037,57604),('2020-11-14',111,3000,5272,2161,463007,388094,15148,59765),('2020-11-15',63,3897,4106,146,467113,391991,15211,59911),('2020-11-16',85,3452,3535,-2,470648,395443,15296,59909),('2020-11-17',97,3193,3807,517,474455,398636,15393,60426),('2020-11-18',110,3711,4265,444,478720,402347,15503,60870),('2020-11-19',97,4265,4798,436,483518,406612,15600,61306),('2020-11-20',78,3940,4792,774,488310,410552,15678,62080),('2020-11-21',96,3403,4998,1499,493308,413955,15774,63579),('2020-11-22',110,4233,4360,17,497668,418188,15884,63596),('2020-11-23',118,4198,4442,126,502110,422386,16002,63722),('2020-11-24',109,2927,4192,1156,506302,425313,16111,64878),('2020-11-25',114,4494,5534,926,511836,429807,16225,65804),('2020-11-26',127,3842,4917,948,516753,433649,16352,66752),('2020-11-27',169,3807,5828,1852,522581,437456,16521,68604),('2020-11-28',125,4527,5418,766,527999,441983,16646,69370),('2020-11-29',169,3810,6267,2288,534266,445793,16815,71658),('2020-11-30',130,4725,4617,-238,538883,450518,16945,71420),('2020-12-01',136,4361,5092,595,543975,454879,17081,72015),('2020-12-02',118,4001,5533,1414,549508,458880,17199,73429),('2020-12-03',156,3673,8369,4540,557877,462553,17355,77969),('2020-12-04',124,3625,5803,2054,563680,466178,17479,80023),('2020-12-05',110,4271,6027,1646,569707,470449,17589,81669),('2020-12-06',151,4322,6089,1616,575796,474771,17740,83285),('2020-12-07',127,4431,5754,1196,581550,479202,17867,84481),('2020-12-08',133,4295,5292,864,586842,483497,18000,85345),('2020-12-09',171,3948,6058,1939,592900,487445,18171,87284),('2020-12-10',165,4530,6033,1338,598933,491975,18336,88622),('2020-12-11',175,4911,6310,1224,605243,496886,18511,89846),('2020-12-12',142,4490,6388,1756,611631,501376,18653,91602),('2020-12-13',166,4460,6189,1563,617820,505836,18819,93165),('2020-12-14',137,5121,5489,231,623309,510957,18956,93396),('2020-12-15',155,5699,6120,266,629429,516656,19111,93662),('2020-12-16',137,5328,6725,1260,636154,521984,19248,94922),('2020-12-17',142,4995,7354,2217,643508,526979,19390,97139),('2020-12-18',124,5016,6689,1549,650197,531995,19514,98688),('2020-12-19',145,4265,7751,3341,657948,536260,19659,102029),('2020-12-20',221,5551,6982,1210,664930,541811,19880,103239),('2020-12-21',205,5073,6848,1570,671778,546884,20085,104809),('2020-12-22',172,5838,6347,337,678125,552722,20257,105146),('2020-12-23',151,5981,7514,1382,685639,558703,20408,106528),('2020-12-24',181,5277,7199,1741,692838,563980,20589,108269),('2020-12-25',258,6324,7259,677,700097,570304,20847,108946),('2020-12-26',147,6389,6740,204,706837,576693,20994,109150),('2020-12-27',243,6983,6528,-698,713365,583676,21237,108452),('2020-12-28',215,6302,5854,-663,719219,589978,21452,107789),('2020-12-29',251,6805,7903,847,727122,596783,21703,108636),('2020-12-30',241,6958,8002,803,735124,603741,21944,109439),('2020-12-31',194,7356,8074,524,743198,611097,22138,109963),('2021-01-01',191,6839,8072,1042,751270,617936,22329,111005),('2021-01-02',226,7582,7203,-605,758473,625518,22555,110400),('2021-01-03',179,6419,6877,279,765350,631937,22734,110679);
/*!40000 ALTER TABLE `dataCovid` ENABLE KEYS */;
UNLOCK TABLES;

--
-- Table structure for table `dataDate`
--

DROP TABLE IF EXISTS `dataDate`;
/*!40101 SET @saved_cs_client     = @@character_set_client */;
/*!40101 SET character_set_client = utf8 */;
CREATE TABLE `dataDate` (
  `id` varchar(32) NOT NULL,
  `outbreakDate` datetime NOT NULL,
  `outbreakTotal` int(10) unsigned NOT NULL,
  `outbreakWorld` int(10) unsigned NOT NULL,
  PRIMARY KEY (`id`)
) ENGINE=InnoDB DEFAULT CHARSET=utf8mb4;
/*!40101 SET character_set_client = @saved_cs_client */;

--
-- Dumping data for table `dataDate`
--

LOCK TABLES `dataDate` WRITE;
/*!40000 ALTER TABLE `dataDate` DISABLE KEYS */;
INSERT INTO `dataDate` VALUES ('00245b02927d45eaa327db2b4abd1bd2','2020-09-10 16:32:23',210940,28352667),('09fcdfc0f38a4aa0974b2d616aabf30e','2020-10-04 18:31:46',307120,35441576),('0cDqMa2dWkCa6J9vSZbCIQ','2020-07-22 06:28:59',91751,15359551),('0rSzk03GhE2AxSM6EKJT6g','2020-05-10 17:22:27',14032,4118326),('0xi1UpcFLkaZZFhqcInfZA','2020-06-19 18:56:48',43803,8609530),('14f8ef382f4e4eaeaa412b7ad5f58e4c','2020-09-23 06:29:21',257388,32060346),('18127d72ad3d4905b4832b1fd6b5dd8e','2020-10-26 06:39:46',392934,43760128),('18d13f04b4be4a7aa25e6074a9bbda4a','2020-05-08 13:07:31',13112,4014500),('1de20c803391444f81d5ffb4a815baee','2020-10-17 19:10:26',361867,40023720),('1e409247d71a4593bdf5fab11ccfc46c','2020-09-28 08:05:48',282724,33605280),('22406d0328174ff4bae3718e2a66eff8','2020-08-18 20:00:45',143043,22294602),('275433520c674a09b0dde9d2e18f3965','2020-09-03 08:53:12',184268,26465221),('3493a4cae45e4c44bc76e874656c048f','2020-08-11 11:24:40',128776,20522191),('3afdb76768f144afa02f8d1678dcdc41','2020-08-11 13:55:59',128776,20528680),('3affb522a5a149e1aad273329d8fe6e0','2020-05-14 07:54:07',16006,4521177),('3be936bdd24d4acb828921b60b67ee60','2020-07-12 16:18:07',76981,13057847),('3e940a4d2ed443339c3ab0107641020a','2020-10-14 06:23:29',344749,38721606),('3OkibK5q7UO3z5YvpzPiw','2020-05-24 19:33:59',22271,5429692),('413304224df84edabade200b452b30a7','2020-08-23 08:35:12',153535,23581888),('4159c1cba9194dbba692f5a452e4ca1d','2020-07-20 11:05:03',88214,14855107),('445a67c53df84cb2ac2eb0f7b1e7e6e6','2020-07-26 13:07:40',98778,16422064),('4dfdff230f274d6eaf351c68aa51f28e','2020-07-30 20:51:30',108376,17540901),('4ea1d56882084060b22cfc2b3df6030b','2020-10-08 08:19:23',320564,36738690),('4LcwSZ7N90W4tb7MYAJOg','2020-03-30 17:18:16',1414,734931),('5111190a99b44b4cad4a05fac0e31b07','2020-10-07 13:20:22',315714,36401583),('525eacf504b042b3aaefa24ce40f544c','2020-07-14 13:52:50',78572,13464663),('5306ea13e32c49f7bc8a544a749271c4','2020-09-12 16:52:51',218382,28960976),('577473d414e649c8ba52b5f0efbef682','2020-08-08 11:16:06',123503,19805292),('57a8a1c719014c3681254ddf2b608f73','2020-07-16 16:44:04',83130,13971143),('595742cbe9bb47309d9b0799a5ff0a59','2020-08-16 18:40:44',139549,21852024),('5d0020e2d7b8466ab0fa150642681c48','2020-07-28 09:10:53',102051,16892319),('5e9mEgW7Mk2EJWoe4xfBKA','2020-06-12 09:49:13',36406,7732485),('5m9PHOV5GkuKnw7HuN1WdA','2020-03-21 14:00:00',450,304979),('636d6777d8834f1bb96ee3c1ab484217','2020-09-24 09:42:30',262022,32408504),('653cc57c8e7645b5876edc1f6461ccf1','2020-09-08 16:44:23',203342,27763924),('66881c94d1cc45b280aebbacfa8f3df9','2020-09-22 09:20:26',252923,31771441),('6a4b00ba350942739f889b5dde98a28b','2020-08-24 07:36:31',155412,23800710),('6d4bd66cd2524efc9c8a779590f016ba','2020-11-12 20:33:43',457735,53247240),('6TYDrEPUU0O7GwvsD2NyWQ','2020-07-24 19:10:34',95418,15685177),('6YX81NrV0yQ8QYM9GDBw','2020-04-16 16:39:18',5516,2091279),('715fd000791342fbbae8f7c6e6ce03ba','2020-07-04 15:22:31',62142,11388558),('71ee659078a149a989dd919913785233','2020-07-11 11:31:20',74018,12844410),('72bfc03f07824a689c18d14d0e2cad40','2020-10-12 12:26:05',336716,38043916),('7a3272a8362843b0ac129841c9431681','2020-07-01 09:21:27',57770,10802849),('7a3c8f893231404b9b6ecb3f43f0c530','2020-09-17 16:47:12',236519,30375397),('7aMc6zu5M0qRB484AQnrg','2020-04-28 16:20:18',9511,3075523),('7b4f7adc6d43441b805b6777ea6f9268','2020-09-04 18:02:44',190665,26824978),('809f1dbef596431aa1325167b86e9ba5','2020-07-17 11:38:56',83130,14194140),('81afac3a69ad4e2788fb039453223b76','2020-09-01 17:59:46',180646,25933731),('84ebaaf101914a47a818076d0006a2fe','2020-09-06 13:15:27',194109,27296207),('85759e7d0084432890c690bc9fccd3d9','2020-08-29 14:01:28',169195,25170439),('86d1177fdce648b8b3ad9eb83b04c7e7','2020-09-02 16:08:05',184268,26198664),('87698059f8f04f2e920bd8644bdca529','2020-09-05 19:36:33',194109,27101359),('8a843e7a0a904d6bb43178f8aa4b844e','2020-08-13 15:40:12',135123,21088506),('8bd365138494423ead877439cea253bb','2020-09-20 11:06:29',244676,31237539),('8d3416e613c94c98bd211b88c78e75c8','2020-07-18 05:57:50',84882,14388916),('8e701a6e33774cf09e466caaa62afad5','2020-07-31 17:59:22',109936,17793829),('9815476fc60b4e93ac19db660c52441a','2020-09-27 11:41:06',275213,33307178),('9c31feeac55e454bbdef80e07638d40c','2020-10-22 07:54:52',377541,41965953),('9ELEoTsZb0K7Y8yMsBaJA','2020-03-25 14:00:00',790,471035),('9f5a276c92ae4694911def0dc53497ef','2020-10-05 15:06:50',307120,35723832),('9f7558dd3f3a4072bef0cc547f68a460','2020-08-17 20:28:03',141370,22040412),('9QDWDwRyEyPompN4EPQfA','2020-06-27 12:18:52',52812,10086969),('a11397365d574c0fbb1ff29cddd22955','2020-08-25 14:03:54',157859,24066076),('a30694e4485d42049d777e015fad0032','2020-08-06 18:33:50',121226,19293503),('a670ed97b5a34968b2acc95ddfb03587','2020-10-25 09:24:04',389712,43328174),('abcb4ad14f844cdbafed397f926933c8','2020-08-05 09:18:31',116871,18973478),('acbe91616b4c42798451024b4ffaf93c','2020-11-17 17:23:33',474455,56016137),('af6a6b3889ad4cdead59af919d7d10cc','2020-10-11 08:10:45',333449,37736119),('aKDhgFDkJE6mBiJc0OrCyA','2020-04-13 16:11:34',4557,1858699),('anT1hGw5PESjjaF9JdRnA','2020-06-13 17:16:54',37420,7758627),('aX7IQffMwk6Km73U8e9JIA','2020-04-29 17:27:40',9771,3149108),('AXVO8OXI0mQu9B12UI3g','2020-04-09 15:52:31',3293,1521796),('azc16v8ms0Sjh3LuLBK8w','2020-03-28 17:00:00',1155,607166),('b2bd99e4336749f49f3e6da30b348f2a','2020-08-12 15:36:41',132816,20826517),('b333e06bda6c4c3faa9e2a5bc094d2c8','2020-06-04 06:03:29',28818,6681285),('b6f97a7e305a43a6a4a55ff6f8272438','2020-08-02 16:07:38',113134,18252944),('b928d84d7f104b5db7cd4ad4b6a82c41','2020-10-17 08:36:28',357762,39944126),('b9e82769d41a488ab210352fabcaabe4','2020-09-14 08:08:12',221523,29433714),('bb69f80c6d75433fbfb91e4b8fd8b2db','2020-12-29 17:22:22',735124,82423404),('bd26bc5965554fd5871b81b23b3c8d17','2020-12-20 12:10:18',664930,77172237),('beaa2f822af2410080f7c791f62005af','2020-08-21 12:40:44',149408,23121145),('bfb2586b4cd844f58fde61cabe389339','2020-08-20 10:17:18',147211,22860184),('bK2XmCSzEOfQYhtIN00w','2020-07-02 16:12:31',59394,10826277),('Bm0n0zB31EmREY4qtX63mw','2020-05-15 16:10:06',16496,4542744),('BoOlG6ISEWmnnzXuPvQ','2020-05-29 16:35:11',25216,5924107),('c031f3b7c70f4259906304b52d080ac2','2020-08-28 13:40:28',165887,24916716),('C0torRiKO0e89Z1waXbKQ','2020-05-06 20:19:10',12438,3755713),('c3f70dbf79a74cdab52f9912ade4a0c8','2020-08-31 08:16:19',177571,25671607),('c6dae3eb74054be8a49fa9c81c948f95','2020-07-19 12:05:32',86521,14646561),('CdCp8w38qkSb4FL91ym1yQ','2020-04-14 16:14:45',4839,1933703),('cLs4FDE0KUyKO7VfOuJEQ','2020-05-20 16:10:03',19189,5002439),('cm2VORzylkqOlR1lyxYLOw','2020-05-31 17:30:21',26473,6179213),('cpcYfHbcyEaInktT8JeOpQ','2020-04-08 15:42:06',2956,1434886),('CRbi2U24I0G0IVnOVAXrxA','2020-07-05 17:40:38',63749,11407237),('CZ7WEz8pH0OkjhyUzXd2w','2020-06-11 18:48:35',35295,7482970),('d0f94dce61f044e5afb2e68f0b9917a3','2020-05-19 15:44:48',18496,4985825),('d4MXsRAgkCvl64EcfotOg','2020-06-28 09:34:33',54010,10243858),('d6ac13342e9a4daa96efa423b785d62c','2020-07-27 16:34:29',102051,16667871),('d715361d0d2a4069ad54ba819046428e','2020-09-07 12:56:32',196989,27492982),('d7e4d7d71ddc44cf8820d79805379c29','2020-09-25 05:15:20',266845,32709092),('d9f5edc2d8ff458eb8fba0961ae804f7','2020-11-28 17:54:55',534266,62686326),('db26d2dd03774575b745872918447562','2020-07-29 15:20:59',106336,17201686),('dbjjx2YLUiU6Wq9xeUp8A','2020-05-01 16:51:18',10551,3321170),('dce0f2fd97e54d60ae53a55315064cf4','2020-08-10 16:28:09',128776,20275611),('dd6ef4cde08c409988d31ac71cccfaa3','2020-11-02 21:04:33',418375,47461485),('dde3bf570ffe4d40a4b15d6f95acfa7a','2020-12-18 20:18:17',657948,76137425),('ddS3I9L0mTpkzFGEJg','2020-04-02 16:12:26',1790,939131),('dlLnOHUA0eE7m9y3rZcaw','2020-06-09 18:25:17',33076,7222353),('dO9Sr7MSm0aKckIonNsulA','2020-06-30 17:49:08',56385,10432846),('dQxwucJciEOh5nZMLb3uCQ','2020-06-17 07:24:02',41431,8392481),('e015e2c4f2ff43dcbb69847396611990','2020-08-15 20:53:57',137468,21410060),('e5277d3f8548462183f96b876a388ab2','2020-08-09 15:29:06',127083,20036430),('e53a9cea9ee44f58863f8b41c56509d8','2020-10-27 17:32:06',400483,44325170),('e6a2f0db5f1b47a4813243bb851f729f','2020-10-24 07:13:59',385980,42916298),('e74d4d9279104859ab872154c504312c','2020-09-18 15:43:49',240687,30718713),('e92278ed26b545c7a81b8a615a38b633','2020-08-30 09:46:35',172053,25383993),('ea72e7f18000445aac0fe828ef30b766','2020-09-09 13:58:01',203342,28029782),('eabbee751688444799cf59c2751f9d26','2020-09-11 13:54:12',210940,28664220),('Eadc3cMU8EK1WzUKdeKjOQ','2020-06-20 08:21:32',45029,8913572),('ed04abbc7f2b47de85cadcbd68e630c1','2020-08-26 09:12:44',160165,24331524),('eDa0ccoPrEaxXzL8uBAvtQ','2020-06-24 18:15:33',49009,9381392),('ee1be03644b34dcdae0d10d746f1ed8e','2020-08-27 08:09:52',162884,24605873),('efepcbLz7kmL0e5CZQuCHQ','2020-05-22 16:49:56',20796,5213811),('EICCLyVb0iI7ifadH5w1A','2020-04-26 16:32:33',8882,2931922),('eiFrmlawkmddyJ7evPvRA','2020-04-04 15:53:35',2092,1119744),('f1e66b4f3d434f0d9c84d68d597b79ff','2020-12-27 17:08:58',719219,81201286),('f7cbf7c9c24a4d96ac1d89976b91f486','2020-11-01 07:32:58',412784,46804127),('fed918921ea5417a8b7ecd23182341b4','2020-09-21 15:54:49',252923,31505063),('ff33accc0da04d7b849851ff263f2648','2020-10-28 18:23:41',404048,44876082),('FH0eMsbBz0i7f5Qi9gvzRQ','2020-04-17 16:10:03',5923,2192187),('FiRBEsJeGkq4yIdFEYI6w','2020-05-04 16:25:03',11587,3581871),('fuiwRS7xJUidLqRBXM2CuA','2020-05-13 16:42:39',15438,4357565),('fXVQluDU4ky43WggrIPssg','2020-07-07 18:13:45',66226,11771331),('GfDlcZwBuEiJhkRjKGOQ','2020-05-12 16:49:52',14749,4271689),('gH8wKsFUyUGuqiPxFElhcg','2020-05-03 16:34:18',11192,3497910),('GNV1ZzmY7kivV7n9sspTkg','2020-06-07 17:28:12',31186,7000824),('GNWVSxQop0K6zbMZuk7rXQ','2020-05-28 16:48:41',24538,5807166),('GukVSnakJ02o0dxfFbmSbA','2020-03-26 14:00:00',893,531865),('GyRQuyoIU2U8rsbJ5rs3w','2020-05-27 16:30:29',23851,5701498),('h2yBxrHfEEaUsvP2H1vTYw','2020-04-19 16:10:04',6575,2341373),('HFJ5exaaEGndFxjI7hW7A','2020-03-22 14:00:00',514,337459),('hoGCK6ixx0KK7IFNILLUSg','2020-05-18 18:13:53',18010,4820347),('ikOSkGM4z0Kwe1wQXTysjw','2020-04-15 16:10:05',5136,2008018),('JgSuMHUf2ky474hONx6MvA','2020-04-06 15:41:24',2491,1276732),('jQDsZ2uTEWZP1pc35BcVA','2020-05-05 16:11:23',12071,3659904),('JTpYaaW2h0WIPNex9K3pNQ','2020-06-18 19:27:25',42762,8467293),('JWYndNEG0mlfHEko2YW2w','2020-06-25 17:40:50',50187,9552107),('kmuweRvRqUBZIJ8phWtVQ','2020-04-30 16:40:10',10118,3232063),('kOXYH8xizUNEnRQK37yvw','2020-06-01 16:21:39',26940,6282347),('Ku0Knnv9x0OBNA6sJAEEg','2020-05-30 17:27:12',25773,6049099),('LynPuBiSFkaqyZPqDKdOg','2020-04-18 16:10:03',6248,2259705),('mAd1fHfKk6X4TUV5ZNFyg','2020-06-22 17:35:52',46845,9067906),('mFZcnTf8CkSRWcNl4JBVmw','2020-06-10 19:30:12',34316,7350438),('moPGMhYSekeilOdsJCyVtQ','2020-06-14 12:30:50',38277,7997084),('mRFUE1OOku7Ldm6bVfOA','2020-06-23 17:30:01',47896,9210430),('nj8Z5G5ScEClBPDCIDA','2020-07-23 12:33:29',93657,15656884),('Np5QfTBnikuKHZyT20LIRg','2020-06-21 17:49:15',45891,8941198),('ogXrWfmwQ020rhfbsVE6YA','2020-05-21 19:53:12',20162,5113706),('ohYn2ngmEqmT7uyVG8L4A','2020-06-29 05:58:25',55092,10395073),('PbLzx2S4pECuLyOAYYlAlw','2020-03-29 17:54:50',1285,668644),('PCHK8bmjG0JZBgOy87qnQ','2020-05-02 19:41:00',10843,3422595),('Pd5REgiydESYTLAHodnXdQ','2020-06-03 18:00:20',28233,6474559),('pLsiwDdUwh1M3SrEijw','2020-04-05 15:58:59',2273,1204075),('pUkAgvtMVkmUJeIJCZO2wg','2020-03-24 14:00:00',685,422574),('PVfSxTGEh0SVidjhvVeDA','2020-05-09 16:21:21',13645,4029145),('qS7bjIyEaUCIAqqspP1CjQ','2020-04-21 16:38:15',7135,2496518),('qvEKByuikauHTgBQtdDQ','2020-04-01 19:56:37',1677,877573),('QwBXVtS1vU6yn0TXERpU8g','2020-05-16 16:25:33',17025,4641975),('R2hBbjxAdUemu6UaxXmX7A','2020-07-15 18:27:10',80094,13490783),('r4xklj34aUqCOgshn71ttQ','2020-04-23 16:21:26',7775,2648317),('RzjPinAtlUqhPQu6Sb4QQ','2020-04-07 16:00:23',2738,1350060),('S94doHpiVkyk3n0wBQ9Wkg','2020-03-23 14:00:00',579,378830),('setGneLbkey97x6atJDWA','2020-05-17 19:27:42',17514,4745691),('SIStV23qKkO04WtSel01Q','2020-04-24 16:10:04',8211,2734102),('sK4GH6E29EmfyR6mfVpefQ','2020-05-11 16:48:41',14265,4198407),('SMOd7SEKE2MF55D2u0SGQ','2020-04-27 16:10:04',9096,3004334),('t1ZjZCeYkiwHkuXMft9qQ','2020-04-12 16:26:16',4241,1787069),('TmVuQIUaiUOTtw0Wiz8WQw','2020-06-16 17:24:46',40400,8137125),('u0c4KrWjrEqB4P6jRCwFBQ','2020-03-27 14:00:00',1046,596366),('UdAXIMTLRETVYqFkFodyA','2020-03-31 17:10:04',1528,799677),('Udt7kpS6zEenwcKDLAyPQ','2020-04-11 16:08:43',3842,1705241),('Urh5q8PBAEKAv5F7pCPV1A','2020-06-02 16:41:04',27549,6388313),('uwrZ121S0SoxBCDEFi7kQ','2020-04-10 16:37:03',3512,1614369),('vBjtutbz3kO76FU1jcGlg','2020-05-07 20:22:27',12776,3916210),('VbySe8eup0KqCA8WJcN3Eg','2020-04-22 16:23:12',7418,2571660),('VTxBKmUNESCnLXwFCAHA','2020-06-15 17:24:05',39294,8014165),('VviXudeAqUeYGepEDD3ASA','2020-06-06 19:01:34',30514,6875208),('wJ968QzrkaIIvouVqxyTg','2020-05-25 18:19:02',22750,5520901),('XBMTlUNrB0aG6vKAIJzvXw','2020-07-06 19:04:02',64958,11588358),('XIhLMjHNEGuj7ieT1hWmw','2020-06-26 18:42:19',51427,9738607),('XPktlqRTp0aS3z1DUgUytQ','2020-04-03 15:48:07',1986,1018649),('Y1RoAp2EZUOrt36lpkTYQ','2020-06-08 12:35:20',32033,7199611),('z0PxRwhCDU6Fv02gx2VuCQ','2020-05-23 19:34:29',21745,5331427),('Z56mIZ1jkmBt6D9eoVQ','2020-04-20 16:11:36',6760,2415299),('zA4mBEAIPEix7TbO6Mhxxw','2020-05-26 16:54:29',23165,5605612),('ZDZPWDue40WTpY0oGWYtgA','2020-07-03 19:41:14',60695,11019154);
/*!40000 ALTER TABLE `dataDate` ENABLE KEYS */;
UNLOCK TABLES;

--
-- Table structure for table `outbreakData`
--

DROP TABLE IF EXISTS `outbreakData`;
/*!40101 SET @saved_cs_client     = @@character_set_client */;
/*!40101 SET character_set_client = utf8 */;
CREATE TABLE `outbreakData` (
  `province_id` varchar(22) NOT NULL,
  `dataDate_id` varchar(32) NOT NULL,
  `outbreakValue` int(10) unsigned NOT NULL,
  `outbreakDeath` int(10) unsigned NOT NULL,
  `outbreakRecovered` int(10) unsigned NOT NULL,
  UNIQUE KEY `outbreakData_unique` (`province_id`,`dataDate_id`),
  KEY `outbreakData_dataDate` (`dataDate_id`),
  CONSTRAINT `outbreakData_dataDate` FOREIGN KEY (`dataDate_id`) REFERENCES `dataDate` (`id`),
  CONSTRAINT `outbreakData_province` FOREIGN KEY (`province_id`) REFERENCES `province` (`id`)
) ENGINE=InnoDB DEFAULT CHARSET=utf8mb4;
/*!40101 SET character_set_client = @saved_cs_client */;

--
-- Dumping data for table `outbreakData`
--

LOCK TABLES `outbreakData` WRITE;
/*!40000 ALTER TABLE `outbreakData` DISABLE KEYS */;
INSERT INTO `outbreakData` VALUES ('0cmJ5kgWtEGZ4eZBEt7ezQ','4LcwSZ7N90W4tb7MYAJOg',5,0,0),('0cmJ5kgWtEGZ4eZBEt7ezQ','5m9PHOV5GkuKnw7HuN1WdA',0,0,0),('0cmJ5kgWtEGZ4eZBEt7ezQ','9ELEoTsZb0K7Y8yMsBaJA',0,0,0),('0cmJ5kgWtEGZ4eZBEt7ezQ','AXVO8OXI0mQu9B12UI3g',6,1,1),('0cmJ5kgWtEGZ4eZBEt7ezQ','azc16v8ms0Sjh3LuLBK8w',4,0,0),('0cmJ5kgWtEGZ4eZBEt7ezQ','cpcYfHbcyEaInktT8JeOpQ',6,1,0),('0cmJ5kgWtEGZ4eZBEt7ezQ','ddS3I9L0mTpkzFGEJg',5,0,0),('0cmJ5kgWtEGZ4eZBEt7ezQ','eiFrmlawkmddyJ7evPvRA',5,1,0),('0cmJ5kgWtEGZ4eZBEt7ezQ','GukVSnakJ02o0dxfFbmSbA',1,0,0),('0cmJ5kgWtEGZ4eZBEt7ezQ','HFJ5exaaEGndFxjI7hW7A',0,0,0),('0cmJ5kgWtEGZ4eZBEt7ezQ','JgSuMHUf2ky474hONx6MvA',5,1,0),('0cmJ5kgWtEGZ4eZBEt7ezQ','PbLzx2S4pECuLyOAYYlAlw',5,0,0),('0cmJ5kgWtEGZ4eZBEt7ezQ','pLsiwDdUwh1M3SrEijw',5,1,0),('0cmJ5kgWtEGZ4eZBEt7ezQ','pUkAgvtMVkmUJeIJCZO2wg',0,0,0),('0cmJ5kgWtEGZ4eZBEt7ezQ','qvEKByuikauHTgBQtdDQ',5,0,0),('0cmJ5kgWtEGZ4eZBEt7ezQ','RzjPinAtlUqhPQu6Sb4QQ',5,1,0),('0cmJ5kgWtEGZ4eZBEt7ezQ','S94doHpiVkyk3n0wBQ9Wkg',0,0,0),('0cmJ5kgWtEGZ4eZBEt7ezQ','u0c4KrWjrEqB4P6jRCwFBQ',4,0,0),('0cmJ5kgWtEGZ4eZBEt7ezQ','UdAXIMTLRETVYqFkFodyA',5,0,0),('0cmJ5kgWtEGZ4eZBEt7ezQ','XPktlqRTp0aS3z1DUgUytQ',5,0,0),('0rGgf9SEh0q9P7MyKahEVw','4LcwSZ7N90W4tb7MYAJOg',3,0,0),('0rGgf9SEh0q9P7MyKahEVw','5m9PHOV5GkuKnw7HuN1WdA',0,0,0),('0rGgf9SEh0q9P7MyKahEVw','9ELEoTsZb0K7Y8yMsBaJA',0,0,0),('0rGgf9SEh0q9P7MyKahEVw','AXVO8OXI0mQu9B12UI3g',5,2,0),('0rGgf9SEh0q9P7MyKahEVw','azc16v8ms0Sjh3LuLBK8w',2,0,0),('0rGgf9SEh0q9P7MyKahEVw','cpcYfHbcyEaInktT8JeOpQ',5,2,0),('0rGgf9SEh0q9P7MyKahEVw','ddS3I9L0mTpkzFGEJg',2,0,0),('0rGgf9SEh0q9P7MyKahEVw','eiFrmlawkmddyJ7evPvRA',4,0,0),('0rGgf9SEh0q9P7MyKahEVw','GukVSnakJ02o0dxfFbmSbA',1,0,0),('0rGgf9SEh0q9P7MyKahEVw','HFJ5exaaEGndFxjI7hW7A',0,0,0),('0rGgf9SEh0q9P7MyKahEVw','JgSuMHUf2ky474hONx6MvA',4,0,0),('0rGgf9SEh0q9P7MyKahEVw','PbLzx2S4pECuLyOAYYlAlw',2,0,0),('0rGgf9SEh0q9P7MyKahEVw','pLsiwDdUwh1M3SrEijw',4,0,0),('0rGgf9SEh0q9P7MyKahEVw','pUkAgvtMVkmUJeIJCZO2wg',0,0,0),('0rGgf9SEh0q9P7MyKahEVw','qvEKByuikauHTgBQtdDQ',2,0,0),('0rGgf9SEh0q9P7MyKahEVw','RzjPinAtlUqhPQu6Sb4QQ',5,2,0),('0rGgf9SEh0q9P7MyKahEVw','S94doHpiVkyk3n0wBQ9Wkg',0,0,0),('0rGgf9SEh0q9P7MyKahEVw','u0c4KrWjrEqB4P6jRCwFBQ',1,0,0),('0rGgf9SEh0q9P7MyKahEVw','UdAXIMTLRETVYqFkFodyA',3,0,0),('0rGgf9SEh0q9P7MyKahEVw','XPktlqRTp0aS3z1DUgUytQ',4,0,0),('1PdfckBsPUCrz3ygueR4A','5m9PHOV5GkuKnw7HuN1WdA',0,0,0),('1PdfckBsPUCrz3ygueR4A','9ELEoTsZb0K7Y8yMsBaJA',0,0,0),('1PdfckBsPUCrz3ygueR4A','AXVO8OXI0mQu9B12UI3g',1,0,0),('1PdfckBsPUCrz3ygueR4A','GukVSnakJ02o0dxfFbmSbA',0,0,0),('1PdfckBsPUCrz3ygueR4A','HFJ5exaaEGndFxjI7hW7A',0,0,0),('1PdfckBsPUCrz3ygueR4A','pUkAgvtMVkmUJeIJCZO2wg',0,0,0),('1PdfckBsPUCrz3ygueR4A','S94doHpiVkyk3n0wBQ9Wkg',0,0,0),('1PdfckBsPUCrz3ygueR4A','u0c4KrWjrEqB4P6jRCwFBQ',0,0,0),('2KYRFQ4067yrB6tpcMqA','4LcwSZ7N90W4tb7MYAJOg',5,0,0),('2KYRFQ4067yrB6tpcMqA','5m9PHOV5GkuKnw7HuN1WdA',0,0,0),('2KYRFQ4067yrB6tpcMqA','9ELEoTsZb0K7Y8yMsBaJA',1,0,0),('2KYRFQ4067yrB6tpcMqA','AXVO8OXI0mQu9B12UI3g',22,2,0),('2KYRFQ4067yrB6tpcMqA','azc16v8ms0Sjh3LuLBK8w',1,0,0),('2KYRFQ4067yrB6tpcMqA','cpcYfHbcyEaInktT8JeOpQ',22,0,0),('2KYRFQ4067yrB6tpcMqA','ddS3I9L0mTpkzFGEJg',8,0,0),('2KYRFQ4067yrB6tpcMqA','eiFrmlawkmddyJ7evPvRA',8,0,0),('2KYRFQ4067yrB6tpcMqA','GukVSnakJ02o0dxfFbmSbA',1,0,0),('2KYRFQ4067yrB6tpcMqA','HFJ5exaaEGndFxjI7hW7A',1,0,0),('2KYRFQ4067yrB6tpcMqA','JgSuMHUf2ky474hONx6MvA',18,0,0),('2KYRFQ4067yrB6tpcMqA','PbLzx2S4pECuLyOAYYlAlw',1,0,0),('2KYRFQ4067yrB6tpcMqA','pLsiwDdUwh1M3SrEijw',16,0,0),('2KYRFQ4067yrB6tpcMqA','pUkAgvtMVkmUJeIJCZO2wg',1,0,0),('2KYRFQ4067yrB6tpcMqA','qvEKByuikauHTgBQtdDQ',8,0,0),('2KYRFQ4067yrB6tpcMqA','RzjPinAtlUqhPQu6Sb4QQ',18,0,0),('2KYRFQ4067yrB6tpcMqA','S94doHpiVkyk3n0wBQ9Wkg',1,0,0),('2KYRFQ4067yrB6tpcMqA','u0c4KrWjrEqB4P6jRCwFBQ',1,0,0),('2KYRFQ4067yrB6tpcMqA','UdAXIMTLRETVYqFkFodyA',8,0,0),('2KYRFQ4067yrB6tpcMqA','XPktlqRTp0aS3z1DUgUytQ',8,0,0),('4uO5MS3PEKpG0RKKtU6g','4LcwSZ7N90W4tb7MYAJOg',19,2,0),('4uO5MS3PEKpG0RKKtU6g','5m9PHOV5GkuKnw7HuN1WdA',3,1,0),('4uO5MS3PEKpG0RKKtU6g','9ELEoTsZb0K7Y8yMsBaJA',9,2,0),('4uO5MS3PEKpG0RKKtU6g','AXVO8OXI0mQu9B12UI3g',63,0,18),('4uO5MS3PEKpG0RKKtU6g','azc16v8ms0Sjh3LuLBK8w',9,2,0),('4uO5MS3PEKpG0RKKtU6g','cpcYfHbcyEaInktT8JeOpQ',49,2,18),('4uO5MS3PEKpG0RKKtU6g','ddS3I9L0mTpkzFGEJg',25,2,10),('4uO5MS3PEKpG0RKKtU6g','eiFrmlawkmddyJ7evPvRA',32,2,10),('4uO5MS3PEKpG0RKKtU6g','GukVSnakJ02o0dxfFbmSbA',9,2,0),('4uO5MS3PEKpG0RKKtU6g','HFJ5exaaEGndFxjI7hW7A',3,2,0),('4uO5MS3PEKpG0RKKtU6g','JgSuMHUf2ky474hONx6MvA',43,2,18),('4uO5MS3PEKpG0RKKtU6g','PbLzx2S4pECuLyOAYYlAlw',10,2,0),('4uO5MS3PEKpG0RKKtU6g','pLsiwDdUwh1M3SrEijw',35,2,18),('4uO5MS3PEKpG0RKKtU6g','pUkAgvtMVkmUJeIJCZO2wg',6,2,0),('4uO5MS3PEKpG0RKKtU6g','qvEKByuikauHTgBQtdDQ',25,2,10),('4uO5MS3PEKpG0RKKtU6g','RzjPinAtlUqhPQu6Sb4QQ',43,2,18),('4uO5MS3PEKpG0RKKtU6g','S94doHpiVkyk3n0wBQ9Wkg',6,2,0),('4uO5MS3PEKpG0RKKtU6g','u0c4KrWjrEqB4P6jRCwFBQ',9,2,0),('4uO5MS3PEKpG0RKKtU6g','UdAXIMTLRETVYqFkFodyA',19,2,0),('4uO5MS3PEKpG0RKKtU6g','XPktlqRTp0aS3z1DUgUytQ',27,2,10),('4wpzmR6HOECwiejxwX4Opw','4LcwSZ7N90W4tb7MYAJOg',50,1,0),('4wpzmR6HOECwiejxwX4Opw','5m9PHOV5GkuKnw7HuN1WdA',2,0,0),('4wpzmR6HOECwiejxwX4Opw','9ELEoTsZb0K7Y8yMsBaJA',13,1,0),('4wpzmR6HOECwiejxwX4Opw','AXVO8OXI0mQu9B12UI3g',138,8,23),('4wpzmR6HOECwiejxwX4Opw','azc16v8ms0Sjh3LuLBK8w',33,1,0),('4wpzmR6HOECwiejxwX4Opw','cpcYfHbcyEaInktT8JeOpQ',127,6,21),('4wpzmR6HOECwiejxwX4Opw','ddS3I9L0mTpkzFGEJg',66,5,0),('4wpzmR6HOECwiejxwX4Opw','eiFrmlawkmddyJ7evPvRA',82,5,9),('4wpzmR6HOECwiejxwX4Opw','GukVSnakJ02o0dxfFbmSbA',27,1,0),('4wpzmR6HOECwiejxwX4Opw','HFJ5exaaEGndFxjI7hW7A',2,0,0),('4wpzmR6HOECwiejxwX4Opw','JgSuMHUf2ky474hONx6MvA',113,6,19),('4wpzmR6HOECwiejxwX4Opw','PbLzx2S4pECuLyOAYYlAlw',47,1,0),('4wpzmR6HOECwiejxwX4Opw','pLsiwDdUwh1M3SrEijw',83,5,9),('4wpzmR6HOECwiejxwX4Opw','pUkAgvtMVkmUJeIJCZO2wg',4,1,0),('4wpzmR6HOECwiejxwX4Opw','qvEKByuikauHTgBQtdDQ',66,5,0),('4wpzmR6HOECwiejxwX4Opw','RzjPinAtlUqhPQu6Sb4QQ',127,6,21),('4wpzmR6HOECwiejxwX4Opw','S94doHpiVkyk3n0wBQ9Wkg',2,1,0),('4wpzmR6HOECwiejxwX4Opw','u0c4KrWjrEqB4P6jRCwFBQ',29,1,0),('4wpzmR6HOECwiejxwX4Opw','UdAXIMTLRETVYqFkFodyA',50,1,0),('4wpzmR6HOECwiejxwX4Opw','XPktlqRTp0aS3z1DUgUytQ',82,5,4),('5dbusfRghEu16J5Zc5d9pA','4LcwSZ7N90W4tb7MYAJOg',180,20,8),('5dbusfRghEu16J5Zc5d9pA','5m9PHOV5GkuKnw7HuN1WdA',55,7,1),('5dbusfRghEu16J5Zc5d9pA','9ELEoTsZb0K7Y8yMsBaJA',73,10,5),('5dbusfRghEu16J5Zc5d9pA','AXVO8OXI0mQu9B12UI3g',376,40,19),('5dbusfRghEu16J5Zc5d9pA','azc16v8ms0Sjh3LuLBK8w',119,17,6),('5dbusfRghEu16J5Zc5d9pA','cpcYfHbcyEaInktT8JeOpQ',365,35,17),('5dbusfRghEu16J5Zc5d9pA','ddS3I9L0mTpkzFGEJg',223,25,11),('5dbusfRghEu16J5Zc5d9pA','eiFrmlawkmddyJ7evPvRA',247,28,12),('5dbusfRghEu16J5Zc5d9pA','GukVSnakJ02o0dxfFbmSbA',78,11,5),('5dbusfRghEu16J5Zc5d9pA','HFJ5exaaEGndFxjI7hW7A',59,9,5),('5dbusfRghEu16J5Zc5d9pA','JgSuMHUf2ky474hONx6MvA',263,29,13),('5dbusfRghEu16J5Zc5d9pA','PbLzx2S4pECuLyOAYYlAlw',149,19,6),('5dbusfRghEu16J5Zc5d9pA','pLsiwDdUwh1M3SrEijw',252,28,12),('5dbusfRghEu16J5Zc5d9pA','pUkAgvtMVkmUJeIJCZO2wg',60,10,5),('5dbusfRghEu16J5Zc5d9pA','qvEKByuikauHTgBQtdDQ',220,21,11),('5dbusfRghEu16J5Zc5d9pA','RzjPinAtlUqhPQu6Sb4QQ',343,29,17),('5dbusfRghEu16J5Zc5d9pA','S94doHpiVkyk3n0wBQ9Wkg',59,9,5),('5dbusfRghEu16J5Zc5d9pA','u0c4KrWjrEqB4P6jRCwFBQ',98,14,5),('5dbusfRghEu16J5Zc5d9pA','UdAXIMTLRETVYqFkFodyA',198,21,11),('5dbusfRghEu16J5Zc5d9pA','XPktlqRTp0aS3z1DUgUytQ',225,25,12),('7TusRXLdzUCkHROKOcOAUg','4LcwSZ7N90W4tb7MYAJOg',2,0,0),('7TusRXLdzUCkHROKOcOAUg','5m9PHOV5GkuKnw7HuN1WdA',0,0,0),('7TusRXLdzUCkHROKOcOAUg','9ELEoTsZb0K7Y8yMsBaJA',0,0,0),('7TusRXLdzUCkHROKOcOAUg','AXVO8OXI0mQu9B12UI3g',2,1,0),('7TusRXLdzUCkHROKOcOAUg','azc16v8ms0Sjh3LuLBK8w',2,0,0),('7TusRXLdzUCkHROKOcOAUg','cpcYfHbcyEaInktT8JeOpQ',2,1,0),('7TusRXLdzUCkHROKOcOAUg','ddS3I9L0mTpkzFGEJg',2,1,0),('7TusRXLdzUCkHROKOcOAUg','eiFrmlawkmddyJ7evPvRA',2,1,0),('7TusRXLdzUCkHROKOcOAUg','GukVSnakJ02o0dxfFbmSbA',0,0,0),('7TusRXLdzUCkHROKOcOAUg','HFJ5exaaEGndFxjI7hW7A',0,0,0),('7TusRXLdzUCkHROKOcOAUg','JgSuMHUf2ky474hONx6MvA',2,1,0),('7TusRXLdzUCkHROKOcOAUg','PbLzx2S4pECuLyOAYYlAlw',2,0,0),('7TusRXLdzUCkHROKOcOAUg','pLsiwDdUwh1M3SrEijw',2,1,0),('7TusRXLdzUCkHROKOcOAUg','pUkAgvtMVkmUJeIJCZO2wg',0,0,0),('7TusRXLdzUCkHROKOcOAUg','qvEKByuikauHTgBQtdDQ',2,1,0),('7TusRXLdzUCkHROKOcOAUg','RzjPinAtlUqhPQu6Sb4QQ',2,1,0),('7TusRXLdzUCkHROKOcOAUg','S94doHpiVkyk3n0wBQ9Wkg',0,0,0),('7TusRXLdzUCkHROKOcOAUg','u0c4KrWjrEqB4P6jRCwFBQ',2,0,0),('7TusRXLdzUCkHROKOcOAUg','UdAXIMTLRETVYqFkFodyA',2,1,0),('7TusRXLdzUCkHROKOcOAUg','XPktlqRTp0aS3z1DUgUytQ',2,1,0),('8KltcQKGFEy0pckYwJYSIA','5m9PHOV5GkuKnw7HuN1WdA',0,0,0),('8KltcQKGFEy0pckYwJYSIA','9ELEoTsZb0K7Y8yMsBaJA',0,0,0),('8KltcQKGFEy0pckYwJYSIA','GukVSnakJ02o0dxfFbmSbA',0,0,0),('8KltcQKGFEy0pckYwJYSIA','HFJ5exaaEGndFxjI7hW7A',0,0,0),('8KltcQKGFEy0pckYwJYSIA','pUkAgvtMVkmUJeIJCZO2wg',0,0,0),('8KltcQKGFEy0pckYwJYSIA','S94doHpiVkyk3n0wBQ9Wkg',0,0,0),('8KltcQKGFEy0pckYwJYSIA','u0c4KrWjrEqB4P6jRCwFBQ',0,0,0),('a22L6VExwkau5FGRPmTmLQ','4LcwSZ7N90W4tb7MYAJOg',2,2,0),('a22L6VExwkau5FGRPmTmLQ','5m9PHOV5GkuKnw7HuN1WdA',0,0,0),('a22L6VExwkau5FGRPmTmLQ','9ELEoTsZb0K7Y8yMsBaJA',1,1,0),('a22L6VExwkau5FGRPmTmLQ','AXVO8OXI0mQu9B12UI3g',17,2,1),('a22L6VExwkau5FGRPmTmLQ','azc16v8ms0Sjh3LuLBK8w',2,1,0),('a22L6VExwkau5FGRPmTmLQ','cpcYfHbcyEaInktT8JeOpQ',16,2,1),('a22L6VExwkau5FGRPmTmLQ','ddS3I9L0mTpkzFGEJg',11,2,0),('a22L6VExwkau5FGRPmTmLQ','eiFrmlawkmddyJ7evPvRA',12,2,1),('a22L6VExwkau5FGRPmTmLQ','GukVSnakJ02o0dxfFbmSbA',1,1,0),('a22L6VExwkau5FGRPmTmLQ','HFJ5exaaEGndFxjI7hW7A',0,0,0),('a22L6VExwkau5FGRPmTmLQ','JgSuMHUf2ky474hONx6MvA',16,2,1),('a22L6VExwkau5FGRPmTmLQ','PbLzx2S4pECuLyOAYYlAlw',2,2,0),('a22L6VExwkau5FGRPmTmLQ','pLsiwDdUwh1M3SrEijw',16,2,1),('a22L6VExwkau5FGRPmTmLQ','pUkAgvtMVkmUJeIJCZO2wg',1,0,0),('a22L6VExwkau5FGRPmTmLQ','qvEKByuikauHTgBQtdDQ',5,2,0),('a22L6VExwkau5FGRPmTmLQ','RzjPinAtlUqhPQu6Sb4QQ',16,2,1),('a22L6VExwkau5FGRPmTmLQ','S94doHpiVkyk3n0wBQ9Wkg',0,0,0),('a22L6VExwkau5FGRPmTmLQ','u0c4KrWjrEqB4P6jRCwFBQ',1,1,0),('a22L6VExwkau5FGRPmTmLQ','UdAXIMTLRETVYqFkFodyA',5,2,0),('a22L6VExwkau5FGRPmTmLQ','XPktlqRTp0aS3z1DUgUytQ',12,2,0),('cstTRNxzykClQfGPGdKUug','4LcwSZ7N90W4tb7MYAJOg',8,0,0),('cstTRNxzykClQfGPGdKUug','5m9PHOV5GkuKnw7HuN1WdA',0,0,0),('cstTRNxzykClQfGPGdKUug','9ELEoTsZb0K7Y8yMsBaJA',0,0,0),('cstTRNxzykClQfGPGdKUug','AXVO8OXI0mQu9B12UI3g',18,0,0),('cstTRNxzykClQfGPGdKUug','azc16v8ms0Sjh3LuLBK8w',5,0,0),('cstTRNxzykClQfGPGdKUug','cpcYfHbcyEaInktT8JeOpQ',18,0,0),('cstTRNxzykClQfGPGdKUug','ddS3I9L0mTpkzFGEJg',8,0,0),('cstTRNxzykClQfGPGdKUug','eiFrmlawkmddyJ7evPvRA',8,0,0),('cstTRNxzykClQfGPGdKUug','GukVSnakJ02o0dxfFbmSbA',3,0,0),('cstTRNxzykClQfGPGdKUug','HFJ5exaaEGndFxjI7hW7A',0,0,0),('cstTRNxzykClQfGPGdKUug','JgSuMHUf2ky474hONx6MvA',18,0,0),('cstTRNxzykClQfGPGdKUug','PbLzx2S4pECuLyOAYYlAlw',5,0,0),('cstTRNxzykClQfGPGdKUug','pLsiwDdUwh1M3SrEijw',8,0,0),('cstTRNxzykClQfGPGdKUug','pUkAgvtMVkmUJeIJCZO2wg',0,0,0),('cstTRNxzykClQfGPGdKUug','qvEKByuikauHTgBQtdDQ',8,0,0),('cstTRNxzykClQfGPGdKUug','RzjPinAtlUqhPQu6Sb4QQ',18,0,0),('cstTRNxzykClQfGPGdKUug','S94doHpiVkyk3n0wBQ9Wkg',0,0,0),('cstTRNxzykClQfGPGdKUug','u0c4KrWjrEqB4P6jRCwFBQ',5,0,0),('cstTRNxzykClQfGPGdKUug','UdAXIMTLRETVYqFkFodyA',8,0,0),('cstTRNxzykClQfGPGdKUug','XPktlqRTp0aS3z1DUgUytQ',8,0,0),('d092eQxgpUe1qp8tLm4zyQ','5m9PHOV5GkuKnw7HuN1WdA',0,0,0),('d092eQxgpUe1qp8tLm4zyQ','9ELEoTsZb0K7Y8yMsBaJA',0,0,0),('d092eQxgpUe1qp8tLm4zyQ','AXVO8OXI0mQu9B12UI3g',2,1,0),('d092eQxgpUe1qp8tLm4zyQ','cpcYfHbcyEaInktT8JeOpQ',2,1,0),('d092eQxgpUe1qp8tLm4zyQ','ddS3I9L0mTpkzFGEJg',1,1,0),('d092eQxgpUe1qp8tLm4zyQ','eiFrmlawkmddyJ7evPvRA',2,1,0),('d092eQxgpUe1qp8tLm4zyQ','GukVSnakJ02o0dxfFbmSbA',0,0,0),('d092eQxgpUe1qp8tLm4zyQ','HFJ5exaaEGndFxjI7hW7A',0,0,0),('d092eQxgpUe1qp8tLm4zyQ','JgSuMHUf2ky474hONx6MvA',2,1,0),('d092eQxgpUe1qp8tLm4zyQ','pLsiwDdUwh1M3SrEijw',2,1,0),('d092eQxgpUe1qp8tLm4zyQ','pUkAgvtMVkmUJeIJCZO2wg',0,0,0),('d092eQxgpUe1qp8tLm4zyQ','qvEKByuikauHTgBQtdDQ',1,1,0),('d092eQxgpUe1qp8tLm4zyQ','RzjPinAtlUqhPQu6Sb4QQ',2,1,0),('d092eQxgpUe1qp8tLm4zyQ','S94doHpiVkyk3n0wBQ9Wkg',0,0,0),('d092eQxgpUe1qp8tLm4zyQ','u0c4KrWjrEqB4P6jRCwFBQ',0,0,0),('d092eQxgpUe1qp8tLm4zyQ','UdAXIMTLRETVYqFkFodyA',1,1,0),('d092eQxgpUe1qp8tLm4zyQ','XPktlqRTp0aS3z1DUgUytQ',2,1,0),('dOcvMfmwv0yV12wS9pl9rA','4LcwSZ7N90W4tb7MYAJOg',81,7,0),('dOcvMfmwv0yV12wS9pl9rA','5m9PHOV5GkuKnw7HuN1WdA',14,3,0),('dOcvMfmwv0yV12wS9pl9rA','9ELEoTsZb0K7Y8yMsBaJA',38,4,0),('dOcvMfmwv0yV12wS9pl9rA','AXVO8OXI0mQu9B12UI3g',144,22,18),('dOcvMfmwv0yV12wS9pl9rA','azc16v8ms0Sjh3LuLBK8w',55,7,0),('dOcvMfmwv0yV12wS9pl9rA','cpcYfHbcyEaInktT8JeOpQ',140,22,14),('dOcvMfmwv0yV12wS9pl9rA','ddS3I9L0mTpkzFGEJg',104,7,7),('dOcvMfmwv0yV12wS9pl9rA','eiFrmlawkmddyJ7evPvRA',120,18,11),('dOcvMfmwv0yV12wS9pl9rA','GukVSnakJ02o0dxfFbmSbA',40,6,0),('dOcvMfmwv0yV12wS9pl9rA','HFJ5exaaEGndFxjI7hW7A',15,3,0),('dOcvMfmwv0yV12wS9pl9rA','JgSuMHUf2ky474hONx6MvA',132,22,14),('dOcvMfmwv0yV12wS9pl9rA','PbLzx2S4pECuLyOAYYlAlw',43,7,0),('dOcvMfmwv0yV12wS9pl9rA','pLsiwDdUwh1M3SrEijw',120,18,14),('dOcvMfmwv0yV12wS9pl9rA','pUkAgvtMVkmUJeIJCZO2wg',19,3,0),('dOcvMfmwv0yV12wS9pl9rA','qvEKByuikauHTgBQtdDQ',104,7,0),('dOcvMfmwv0yV12wS9pl9rA','RzjPinAtlUqhPQu6Sb4QQ',133,22,14),('dOcvMfmwv0yV12wS9pl9rA','S94doHpiVkyk3n0wBQ9Wkg',15,3,0),('dOcvMfmwv0yV12wS9pl9rA','u0c4KrWjrEqB4P6jRCwFBQ',43,6,0),('dOcvMfmwv0yV12wS9pl9rA','UdAXIMTLRETVYqFkFodyA',93,7,0),('dOcvMfmwv0yV12wS9pl9rA','XPktlqRTp0aS3z1DUgUytQ',114,18,11),('dVgdpyFmOUeZZms2KP2KYg','4LcwSZ7N90W4tb7MYAJOg',91,8,16),('dVgdpyFmOUeZZms2KP2KYg','5m9PHOV5GkuKnw7HuN1WdA',26,1,0),('dVgdpyFmOUeZZms2KP2KYg','9ELEoTsZb0K7Y8yMsBaJA',51,1,1),('dVgdpyFmOUeZZms2KP2KYg','AXVO8OXI0mQu9B12UI3g',223,17,49),('dVgdpyFmOUeZZms2KP2KYg','azc16v8ms0Sjh3LuLBK8w',77,4,8),('dVgdpyFmOUeZZms2KP2KYg','cpcYfHbcyEaInktT8JeOpQ',196,16,46),('dVgdpyFmOUeZZms2KP2KYg','ddS3I9L0mTpkzFGEJg',104,11,22),('dVgdpyFmOUeZZms2KP2KYg','eiFrmlawkmddyJ7evPvRA',152,14,29),('dVgdpyFmOUeZZms2KP2KYg','GukVSnakJ02o0dxfFbmSbA',59,3,3),('dVgdpyFmOUeZZms2KP2KYg','HFJ5exaaEGndFxjI7hW7A',41,1,0),('dVgdpyFmOUeZZms2KP2KYg','JgSuMHUf2ky474hONx6MvA',189,14,38),('dVgdpyFmOUeZZms2KP2KYg','PbLzx2S4pECuLyOAYYlAlw',90,7,11),('dVgdpyFmOUeZZms2KP2KYg','pLsiwDdUwh1M3SrEijw',188,14,30),('dVgdpyFmOUeZZms2KP2KYg','pUkAgvtMVkmUJeIJCZO2wg',51,1,0),('dVgdpyFmOUeZZms2KP2KYg','qvEKByuikauHTgBQtdDQ',104,9,17),('dVgdpyFmOUeZZms2KP2KYg','RzjPinAtlUqhPQu6Sb4QQ',194,16,41),('dVgdpyFmOUeZZms2KP2KYg','S94doHpiVkyk3n0wBQ9Wkg',41,1,0),('dVgdpyFmOUeZZms2KP2KYg','u0c4KrWjrEqB4P6jRCwFBQ',66,4,8),('dVgdpyFmOUeZZms2KP2KYg','UdAXIMTLRETVYqFkFodyA',93,8,16),('dVgdpyFmOUeZZms2KP2KYg','XPktlqRTp0aS3z1DUgUytQ',155,11,25),('FoLn0GUCR0iRXrVhtAZnQA','4LcwSZ7N90W4tb7MYAJOg',1,0,0),('FoLn0GUCR0iRXrVhtAZnQA','5m9PHOV5GkuKnw7HuN1WdA',0,0,0),('FoLn0GUCR0iRXrVhtAZnQA','9ELEoTsZb0K7Y8yMsBaJA',0,0,0),('FoLn0GUCR0iRXrVhtAZnQA','AXVO8OXI0mQu9B12UI3g',2,1,0),('FoLn0GUCR0iRXrVhtAZnQA','cpcYfHbcyEaInktT8JeOpQ',2,1,0),('FoLn0GUCR0iRXrVhtAZnQA','ddS3I9L0mTpkzFGEJg',2,1,0),('FoLn0GUCR0iRXrVhtAZnQA','eiFrmlawkmddyJ7evPvRA',2,1,0),('FoLn0GUCR0iRXrVhtAZnQA','GukVSnakJ02o0dxfFbmSbA',0,0,0),('FoLn0GUCR0iRXrVhtAZnQA','HFJ5exaaEGndFxjI7hW7A',0,0,0),('FoLn0GUCR0iRXrVhtAZnQA','JgSuMHUf2ky474hONx6MvA',2,1,0),('FoLn0GUCR0iRXrVhtAZnQA','pLsiwDdUwh1M3SrEijw',2,1,0),('FoLn0GUCR0iRXrVhtAZnQA','pUkAgvtMVkmUJeIJCZO2wg',0,0,0),('FoLn0GUCR0iRXrVhtAZnQA','qvEKByuikauHTgBQtdDQ',2,1,0),('FoLn0GUCR0iRXrVhtAZnQA','RzjPinAtlUqhPQu6Sb4QQ',2,1,0),('FoLn0GUCR0iRXrVhtAZnQA','S94doHpiVkyk3n0wBQ9Wkg',0,0,0),('FoLn0GUCR0iRXrVhtAZnQA','u0c4KrWjrEqB4P6jRCwFBQ',0,0,0),('FoLn0GUCR0iRXrVhtAZnQA','UdAXIMTLRETVYqFkFodyA',2,0,0),('FoLn0GUCR0iRXrVhtAZnQA','XPktlqRTp0aS3z1DUgUytQ',2,1,0),('Gn67S0kfEqytAqdoZXHWQ','4LcwSZ7N90W4tb7MYAJOg',2,0,0),('Gn67S0kfEqytAqdoZXHWQ','5m9PHOV5GkuKnw7HuN1WdA',0,0,0),('Gn67S0kfEqytAqdoZXHWQ','9ELEoTsZb0K7Y8yMsBaJA',2,0,0),('Gn67S0kfEqytAqdoZXHWQ','AXVO8OXI0mQu9B12UI3g',16,0,2),('Gn67S0kfEqytAqdoZXHWQ','azc16v8ms0Sjh3LuLBK8w',2,0,0),('Gn67S0kfEqytAqdoZXHWQ','cpcYfHbcyEaInktT8JeOpQ',10,0,0),('Gn67S0kfEqytAqdoZXHWQ','ddS3I9L0mTpkzFGEJg',6,0,0),('Gn67S0kfEqytAqdoZXHWQ','eiFrmlawkmddyJ7evPvRA',7,0,0),('Gn67S0kfEqytAqdoZXHWQ','GukVSnakJ02o0dxfFbmSbA',2,0,0),('Gn67S0kfEqytAqdoZXHWQ','HFJ5exaaEGndFxjI7hW7A',0,0,0),('Gn67S0kfEqytAqdoZXHWQ','JgSuMHUf2ky474hONx6MvA',10,0,0),('Gn67S0kfEqytAqdoZXHWQ','PbLzx2S4pECuLyOAYYlAlw',2,0,0),('Gn67S0kfEqytAqdoZXHWQ','pLsiwDdUwh1M3SrEijw',7,0,0),('Gn67S0kfEqytAqdoZXHWQ','pUkAgvtMVkmUJeIJCZO2wg',1,0,0),('Gn67S0kfEqytAqdoZXHWQ','qvEKByuikauHTgBQtdDQ',6,0,0),('Gn67S0kfEqytAqdoZXHWQ','RzjPinAtlUqhPQu6Sb4QQ',10,0,0),('Gn67S0kfEqytAqdoZXHWQ','S94doHpiVkyk3n0wBQ9Wkg',0,0,0),('Gn67S0kfEqytAqdoZXHWQ','u0c4KrWjrEqB4P6jRCwFBQ',2,0,0),('Gn67S0kfEqytAqdoZXHWQ','UdAXIMTLRETVYqFkFodyA',4,0,0),('Gn67S0kfEqytAqdoZXHWQ','XPktlqRTp0aS3z1DUgUytQ',7,0,2),('GprcHPtrEuz5auwRo1HBg','4LcwSZ7N90W4tb7MYAJOg',6,1,0),('GprcHPtrEuz5auwRo1HBg','5m9PHOV5GkuKnw7HuN1WdA',4,0,0),('GprcHPtrEuz5auwRo1HBg','9ELEoTsZb0K7Y8yMsBaJA',5,1,0),('GprcHPtrEuz5auwRo1HBg','AXVO8OXI0mQu9B12UI3g',22,1,2),('GprcHPtrEuz5auwRo1HBg','azc16v8ms0Sjh3LuLBK8w',5,1,0),('GprcHPtrEuz5auwRo1HBg','cpcYfHbcyEaInktT8JeOpQ',9,1,2),('GprcHPtrEuz5auwRo1HBg','ddS3I9L0mTpkzFGEJg',7,1,0),('GprcHPtrEuz5auwRo1HBg','eiFrmlawkmddyJ7evPvRA',8,1,2),('GprcHPtrEuz5auwRo1HBg','GukVSnakJ02o0dxfFbmSbA',5,1,0),('GprcHPtrEuz5auwRo1HBg','HFJ5exaaEGndFxjI7hW7A',4,0,0),('GprcHPtrEuz5auwRo1HBg','JgSuMHUf2ky474hONx6MvA',9,1,2),('GprcHPtrEuz5auwRo1HBg','PbLzx2S4pECuLyOAYYlAlw',5,1,0),('GprcHPtrEuz5auwRo1HBg','pLsiwDdUwh1M3SrEijw',9,1,2),('GprcHPtrEuz5auwRo1HBg','pUkAgvtMVkmUJeIJCZO2wg',5,1,0),('GprcHPtrEuz5auwRo1HBg','qvEKByuikauHTgBQtdDQ',7,1,0),('GprcHPtrEuz5auwRo1HBg','RzjPinAtlUqhPQu6Sb4QQ',9,1,2),('GprcHPtrEuz5auwRo1HBg','S94doHpiVkyk3n0wBQ9Wkg',5,0,0),('GprcHPtrEuz5auwRo1HBg','u0c4KrWjrEqB4P6jRCwFBQ',5,1,0),('GprcHPtrEuz5auwRo1HBg','UdAXIMTLRETVYqFkFodyA',7,1,0),('GprcHPtrEuz5auwRo1HBg','XPktlqRTp0aS3z1DUgUytQ',8,1,0),('ixmDMLN5aEiInvt29EfFCg','4LcwSZ7N90W4tb7MYAJOg',8,0,0),('ixmDMLN5aEiInvt29EfFCg','5m9PHOV5GkuKnw7HuN1WdA',1,0,0),('ixmDMLN5aEiInvt29EfFCg','9ELEoTsZb0K7Y8yMsBaJA',1,0,0),('ixmDMLN5aEiInvt29EfFCg','AXVO8OXI0mQu9B12UI3g',15,1,1),('ixmDMLN5aEiInvt29EfFCg','azc16v8ms0Sjh3LuLBK8w',4,0,0),('ixmDMLN5aEiInvt29EfFCg','cpcYfHbcyEaInktT8JeOpQ',15,1,0),('ixmDMLN5aEiInvt29EfFCg','ddS3I9L0mTpkzFGEJg',8,1,0),('ixmDMLN5aEiInvt29EfFCg','eiFrmlawkmddyJ7evPvRA',11,1,0),('ixmDMLN5aEiInvt29EfFCg','GukVSnakJ02o0dxfFbmSbA',3,0,0),('ixmDMLN5aEiInvt29EfFCg','HFJ5exaaEGndFxjI7hW7A',1,0,0),('ixmDMLN5aEiInvt29EfFCg','JgSuMHUf2ky474hONx6MvA',12,1,0),('ixmDMLN5aEiInvt29EfFCg','PbLzx2S4pECuLyOAYYlAlw',4,0,0),('ixmDMLN5aEiInvt29EfFCg','pLsiwDdUwh1M3SrEijw',11,1,0),('ixmDMLN5aEiInvt29EfFCg','pUkAgvtMVkmUJeIJCZO2wg',1,0,0),('ixmDMLN5aEiInvt29EfFCg','qvEKByuikauHTgBQtdDQ',8,0,0),('ixmDMLN5aEiInvt29EfFCg','RzjPinAtlUqhPQu6Sb4QQ',12,1,0),('ixmDMLN5aEiInvt29EfFCg','S94doHpiVkyk3n0wBQ9Wkg',1,0,0),('ixmDMLN5aEiInvt29EfFCg','u0c4KrWjrEqB4P6jRCwFBQ',4,0,0),('ixmDMLN5aEiInvt29EfFCg','UdAXIMTLRETVYqFkFodyA',8,0,0),('ixmDMLN5aEiInvt29EfFCg','XPktlqRTp0aS3z1DUgUytQ',12,1,0),('kKLBrA6qUOylJKh5hiVQ','4LcwSZ7N90W4tb7MYAJOg',128,4,1),('kKLBrA6qUOylJKh5hiVQ','5m9PHOV5GkuKnw7HuN1WdA',43,2,1),('kKLBrA6qUOylJKh5hiVQ','9ELEoTsZb0K7Y8yMsBaJA',67,4,1),('kKLBrA6qUOylJKh5hiVQ','AXVO8OXI0mQu9B12UI3g',218,20,7),('kKLBrA6qUOylJKh5hiVQ','azc16v8ms0Sjh3LuLBK8w',103,4,1),('kKLBrA6qUOylJKh5hiVQ','cpcYfHbcyEaInktT8JeOpQ',212,18,7),('kKLBrA6qUOylJKh5hiVQ','ddS3I9L0mTpkzFGEJg',164,14,7),('kKLBrA6qUOylJKh5hiVQ','eiFrmlawkmddyJ7evPvRA',173,17,7),('kKLBrA6qUOylJKh5hiVQ','GukVSnakJ02o0dxfFbmSbA',67,4,1),('kKLBrA6qUOylJKh5hiVQ','HFJ5exaaEGndFxjI7hW7A',47,3,1),('kKLBrA6qUOylJKh5hiVQ','JgSuMHUf2ky474hONx6MvA',187,17,7),('kKLBrA6qUOylJKh5hiVQ','PbLzx2S4pECuLyOAYYlAlw',106,4,1),('kKLBrA6qUOylJKh5hiVQ','pLsiwDdUwh1M3SrEijw',177,17,7),('kKLBrA6qUOylJKh5hiVQ','pUkAgvtMVkmUJeIJCZO2wg',65,4,1),('kKLBrA6qUOylJKh5hiVQ','qvEKByuikauHTgBQtdDQ',152,14,7),('kKLBrA6qUOylJKh5hiVQ','RzjPinAtlUqhPQu6Sb4QQ',194,18,7),('kKLBrA6qUOylJKh5hiVQ','S94doHpiVkyk3n0wBQ9Wkg',56,3,1),('kKLBrA6qUOylJKh5hiVQ','u0c4KrWjrEqB4P6jRCwFBQ',84,4,1),('kKLBrA6qUOylJKh5hiVQ','UdAXIMTLRETVYqFkFodyA',142,4,2),('kKLBrA6qUOylJKh5hiVQ','XPktlqRTp0aS3z1DUgUytQ',170,14,7),('m6nzFXMcxUaWoJMKmo43GA','4LcwSZ7N90W4tb7MYAJOg',7,0,0),('m6nzFXMcxUaWoJMKmo43GA','5m9PHOV5GkuKnw7HuN1WdA',2,0,0),('m6nzFXMcxUaWoJMKmo43GA','9ELEoTsZb0K7Y8yMsBaJA',4,0,0),('m6nzFXMcxUaWoJMKmo43GA','AXVO8OXI0mQu9B12UI3g',20,0,6),('m6nzFXMcxUaWoJMKmo43GA','azc16v8ms0Sjh3LuLBK8w',7,0,0),('m6nzFXMcxUaWoJMKmo43GA','cpcYfHbcyEaInktT8JeOpQ',20,0,6),('m6nzFXMcxUaWoJMKmo43GA','ddS3I9L0mTpkzFGEJg',9,0,2),('m6nzFXMcxUaWoJMKmo43GA','eiFrmlawkmddyJ7evPvRA',11,0,2),('m6nzFXMcxUaWoJMKmo43GA','GukVSnakJ02o0dxfFbmSbA',6,0,0),('m6nzFXMcxUaWoJMKmo43GA','HFJ5exaaEGndFxjI7hW7A',2,0,0),('m6nzFXMcxUaWoJMKmo43GA','JgSuMHUf2ky474hONx6MvA',20,0,4),('m6nzFXMcxUaWoJMKmo43GA','PbLzx2S4pECuLyOAYYlAlw',7,0,0),('m6nzFXMcxUaWoJMKmo43GA','pLsiwDdUwh1M3SrEijw',11,0,4),('m6nzFXMcxUaWoJMKmo43GA','pUkAgvtMVkmUJeIJCZO2wg',3,0,0),('m6nzFXMcxUaWoJMKmo43GA','qvEKByuikauHTgBQtdDQ',9,0,0),('m6nzFXMcxUaWoJMKmo43GA','RzjPinAtlUqhPQu6Sb4QQ',20,0,6),('m6nzFXMcxUaWoJMKmo43GA','S94doHpiVkyk3n0wBQ9Wkg',2,0,0),('m6nzFXMcxUaWoJMKmo43GA','u0c4KrWjrEqB4P6jRCwFBQ',6,0,0),('m6nzFXMcxUaWoJMKmo43GA','UdAXIMTLRETVYqFkFodyA',9,0,0),('m6nzFXMcxUaWoJMKmo43GA','XPktlqRTp0aS3z1DUgUytQ',12,0,2),('nCZPoG9JAkGwpF3au4dCg','4LcwSZ7N90W4tb7MYAJOg',9,0,0),('nCZPoG9JAkGwpF3au4dCg','5m9PHOV5GkuKnw7HuN1WdA',0,0,0),('nCZPoG9JAkGwpF3au4dCg','9ELEoTsZb0K7Y8yMsBaJA',3,0,0),('nCZPoG9JAkGwpF3au4dCg','AXVO8OXI0mQu9B12UI3g',38,2,3),('nCZPoG9JAkGwpF3au4dCg','azc16v8ms0Sjh3LuLBK8w',7,0,0),('nCZPoG9JAkGwpF3au4dCg','cpcYfHbcyEaInktT8JeOpQ',38,2,3),('nCZPoG9JAkGwpF3au4dCg','ddS3I9L0mTpkzFGEJg',10,0,2),('nCZPoG9JAkGwpF3au4dCg','eiFrmlawkmddyJ7evPvRA',18,1,3),('nCZPoG9JAkGwpF3au4dCg','GukVSnakJ02o0dxfFbmSbA',7,0,0),('nCZPoG9JAkGwpF3au4dCg','HFJ5exaaEGndFxjI7hW7A',2,0,0),('nCZPoG9JAkGwpF3au4dCg','JgSuMHUf2ky474hONx6MvA',26,2,3),('nCZPoG9JAkGwpF3au4dCg','PbLzx2S4pECuLyOAYYlAlw',9,0,0),('nCZPoG9JAkGwpF3au4dCg','pLsiwDdUwh1M3SrEijw',26,1,3),('nCZPoG9JAkGwpF3au4dCg','pUkAgvtMVkmUJeIJCZO2wg',3,0,0),('nCZPoG9JAkGwpF3au4dCg','qvEKByuikauHTgBQtdDQ',10,0,2),('nCZPoG9JAkGwpF3au4dCg','RzjPinAtlUqhPQu6Sb4QQ',26,2,3),('nCZPoG9JAkGwpF3au4dCg','S94doHpiVkyk3n0wBQ9Wkg',2,0,0),('nCZPoG9JAkGwpF3au4dCg','u0c4KrWjrEqB4P6jRCwFBQ',7,0,0),('nCZPoG9JAkGwpF3au4dCg','UdAXIMTLRETVYqFkFodyA',10,0,0),('nCZPoG9JAkGwpF3au4dCg','XPktlqRTp0aS3z1DUgUytQ',16,0,3),('RNwOKlZk2LEw8y8dew9g','4LcwSZ7N90W4tb7MYAJOg',2,0,0),('RNwOKlZk2LEw8y8dew9g','5m9PHOV5GkuKnw7HuN1WdA',0,0,0),('RNwOKlZk2LEw8y8dew9g','9ELEoTsZb0K7Y8yMsBaJA',1,0,0),('RNwOKlZk2LEw8y8dew9g','AXVO8OXI0mQu9B12UI3g',2,0,0),('RNwOKlZk2LEw8y8dew9g','azc16v8ms0Sjh3LuLBK8w',1,0,0),('RNwOKlZk2LEw8y8dew9g','cpcYfHbcyEaInktT8JeOpQ',2,0,0),('RNwOKlZk2LEw8y8dew9g','ddS3I9L0mTpkzFGEJg',2,0,0),('RNwOKlZk2LEw8y8dew9g','eiFrmlawkmddyJ7evPvRA',2,0,0),('RNwOKlZk2LEw8y8dew9g','GukVSnakJ02o0dxfFbmSbA',1,0,0),('RNwOKlZk2LEw8y8dew9g','HFJ5exaaEGndFxjI7hW7A',0,0,0),('RNwOKlZk2LEw8y8dew9g','JgSuMHUf2ky474hONx6MvA',2,0,0),('RNwOKlZk2LEw8y8dew9g','PbLzx2S4pECuLyOAYYlAlw',1,0,0),('RNwOKlZk2LEw8y8dew9g','pLsiwDdUwh1M3SrEijw',2,0,0),('RNwOKlZk2LEw8y8dew9g','pUkAgvtMVkmUJeIJCZO2wg',1,0,0),('RNwOKlZk2LEw8y8dew9g','qvEKByuikauHTgBQtdDQ',2,0,0),('RNwOKlZk2LEw8y8dew9g','RzjPinAtlUqhPQu6Sb4QQ',2,0,0),('RNwOKlZk2LEw8y8dew9g','S94doHpiVkyk3n0wBQ9Wkg',1,0,0),('RNwOKlZk2LEw8y8dew9g','u0c4KrWjrEqB4P6jRCwFBQ',1,0,0),('RNwOKlZk2LEw8y8dew9g','UdAXIMTLRETVYqFkFodyA',2,0,0),('RNwOKlZk2LEw8y8dew9g','XPktlqRTp0aS3z1DUgUytQ',2,0,0),('RuwdWMMSJkTLm8l5MA2rQ','4LcwSZ7N90W4tb7MYAJOg',13,1,0),('RuwdWMMSJkTLm8l5MA2rQ','5m9PHOV5GkuKnw7HuN1WdA',2,1,0),('RuwdWMMSJkTLm8l5MA2rQ','9ELEoTsZb0K7Y8yMsBaJA',8,1,0),('RuwdWMMSJkTLm8l5MA2rQ','AXVO8OXI0mQu9B12UI3g',59,4,0),('RuwdWMMSJkTLm8l5MA2rQ','azc16v8ms0Sjh3LuLBK8w',8,1,0),('RuwdWMMSJkTLm8l5MA2rQ','cpcYfHbcyEaInktT8JeOpQ',59,4,0),('RuwdWMMSJkTLm8l5MA2rQ','ddS3I9L0mTpkzFGEJg',22,3,0),('RuwdWMMSJkTLm8l5MA2rQ','eiFrmlawkmddyJ7evPvRA',25,3,0),('RuwdWMMSJkTLm8l5MA2rQ','GukVSnakJ02o0dxfFbmSbA',5,1,0),('RuwdWMMSJkTLm8l5MA2rQ','HFJ5exaaEGndFxjI7hW7A',2,1,0),('RuwdWMMSJkTLm8l5MA2rQ','JgSuMHUf2ky474hONx6MvA',26,4,0),('RuwdWMMSJkTLm8l5MA2rQ','PbLzx2S4pECuLyOAYYlAlw',8,1,0),('RuwdWMMSJkTLm8l5MA2rQ','pLsiwDdUwh1M3SrEijw',25,4,0),('RuwdWMMSJkTLm8l5MA2rQ','pUkAgvtMVkmUJeIJCZO2wg',7,1,0),('RuwdWMMSJkTLm8l5MA2rQ','qvEKByuikauHTgBQtdDQ',22,3,0),('RuwdWMMSJkTLm8l5MA2rQ','RzjPinAtlUqhPQu6Sb4QQ',26,4,0),('RuwdWMMSJkTLm8l5MA2rQ','S94doHpiVkyk3n0wBQ9Wkg',2,1,0),('RuwdWMMSJkTLm8l5MA2rQ','u0c4KrWjrEqB4P6jRCwFBQ',8,1,0),('RuwdWMMSJkTLm8l5MA2rQ','UdAXIMTLRETVYqFkFodyA',19,1,0),('RuwdWMMSJkTLm8l5MA2rQ','XPktlqRTp0aS3z1DUgUytQ',22,3,0),('rXHRQl3KE6DBk5nrcsIMQ','4LcwSZ7N90W4tb7MYAJOg',1,0,0),('rXHRQl3KE6DBk5nrcsIMQ','5m9PHOV5GkuKnw7HuN1WdA',0,0,0),('rXHRQl3KE6DBk5nrcsIMQ','9ELEoTsZb0K7Y8yMsBaJA',1,0,0),('rXHRQl3KE6DBk5nrcsIMQ','AXVO8OXI0mQu9B12UI3g',2,0,1),('rXHRQl3KE6DBk5nrcsIMQ','azc16v8ms0Sjh3LuLBK8w',1,0,0),('rXHRQl3KE6DBk5nrcsIMQ','cpcYfHbcyEaInktT8JeOpQ',2,0,0),('rXHRQl3KE6DBk5nrcsIMQ','ddS3I9L0mTpkzFGEJg',1,0,0),('rXHRQl3KE6DBk5nrcsIMQ','eiFrmlawkmddyJ7evPvRA',1,0,0),('rXHRQl3KE6DBk5nrcsIMQ','GukVSnakJ02o0dxfFbmSbA',1,0,0),('rXHRQl3KE6DBk5nrcsIMQ','HFJ5exaaEGndFxjI7hW7A',0,0,0),('rXHRQl3KE6DBk5nrcsIMQ','JgSuMHUf2ky474hONx6MvA',1,0,0),('rXHRQl3KE6DBk5nrcsIMQ','PbLzx2S4pECuLyOAYYlAlw',1,0,0),('rXHRQl3KE6DBk5nrcsIMQ','pLsiwDdUwh1M3SrEijw',1,0,0),('rXHRQl3KE6DBk5nrcsIMQ','pUkAgvtMVkmUJeIJCZO2wg',1,0,0),('rXHRQl3KE6DBk5nrcsIMQ','qvEKByuikauHTgBQtdDQ',1,0,0),('rXHRQl3KE6DBk5nrcsIMQ','RzjPinAtlUqhPQu6Sb4QQ',1,0,0),('rXHRQl3KE6DBk5nrcsIMQ','S94doHpiVkyk3n0wBQ9Wkg',1,0,0),('rXHRQl3KE6DBk5nrcsIMQ','u0c4KrWjrEqB4P6jRCwFBQ',1,0,0),('rXHRQl3KE6DBk5nrcsIMQ','UdAXIMTLRETVYqFkFodyA',1,0,0),('rXHRQl3KE6DBk5nrcsIMQ','XPktlqRTp0aS3z1DUgUytQ',1,0,0),('T5VqpuXenUSMWZQCBLg9BA','4LcwSZ7N90W4tb7MYAJOg',1,0,0),('T5VqpuXenUSMWZQCBLg9BA','5m9PHOV5GkuKnw7HuN1WdA',0,0,0),('T5VqpuXenUSMWZQCBLg9BA','9ELEoTsZb0K7Y8yMsBaJA',0,0,0),('T5VqpuXenUSMWZQCBLg9BA','AXVO8OXI0mQu9B12UI3g',2,0,0),('T5VqpuXenUSMWZQCBLg9BA','cpcYfHbcyEaInktT8JeOpQ',2,0,0),('T5VqpuXenUSMWZQCBLg9BA','ddS3I9L0mTpkzFGEJg',1,0,0),('T5VqpuXenUSMWZQCBLg9BA','eiFrmlawkmddyJ7evPvRA',1,0,0),('T5VqpuXenUSMWZQCBLg9BA','GukVSnakJ02o0dxfFbmSbA',0,0,0),('T5VqpuXenUSMWZQCBLg9BA','HFJ5exaaEGndFxjI7hW7A',0,0,0),('T5VqpuXenUSMWZQCBLg9BA','JgSuMHUf2ky474hONx6MvA',2,0,0),('T5VqpuXenUSMWZQCBLg9BA','PbLzx2S4pECuLyOAYYlAlw',1,0,0),('T5VqpuXenUSMWZQCBLg9BA','pLsiwDdUwh1M3SrEijw',2,0,0),('T5VqpuXenUSMWZQCBLg9BA','pUkAgvtMVkmUJeIJCZO2wg',0,0,0),('T5VqpuXenUSMWZQCBLg9BA','qvEKByuikauHTgBQtdDQ',1,0,0),('T5VqpuXenUSMWZQCBLg9BA','RzjPinAtlUqhPQu6Sb4QQ',2,0,0),('T5VqpuXenUSMWZQCBLg9BA','S94doHpiVkyk3n0wBQ9Wkg',0,0,0),('T5VqpuXenUSMWZQCBLg9BA','u0c4KrWjrEqB4P6jRCwFBQ',0,0,0),('T5VqpuXenUSMWZQCBLg9BA','UdAXIMTLRETVYqFkFodyA',1,0,0),('T5VqpuXenUSMWZQCBLg9BA','XPktlqRTp0aS3z1DUgUytQ',1,0,0),('t8RTjV5L8UK2T3Aei1ZSnQ','4LcwSZ7N90W4tb7MYAJOg',17,0,0),('t8RTjV5L8UK2T3Aei1ZSnQ','5m9PHOV5GkuKnw7HuN1WdA',9,0,0),('t8RTjV5L8UK2T3Aei1ZSnQ','9ELEoTsZb0K7Y8yMsBaJA',11,0,0),('t8RTjV5L8UK2T3Aei1ZSnQ','AXVO8OXI0mQu9B12UI3g',32,1,6),('t8RTjV5L8UK2T3Aei1ZSnQ','azc16v8ms0Sjh3LuLBK8w',17,0,0),('t8RTjV5L8UK2T3Aei1ZSnQ','cpcYfHbcyEaInktT8JeOpQ',32,1,4),('t8RTjV5L8UK2T3Aei1ZSnQ','ddS3I9L0mTpkzFGEJg',21,1,0),('t8RTjV5L8UK2T3Aei1ZSnQ','eiFrmlawkmddyJ7evPvRA',24,1,1),('t8RTjV5L8UK2T3Aei1ZSnQ','GukVSnakJ02o0dxfFbmSbA',11,0,0),('t8RTjV5L8UK2T3Aei1ZSnQ','HFJ5exaaEGndFxjI7hW7A',9,0,0),('t8RTjV5L8UK2T3Aei1ZSnQ','JgSuMHUf2ky474hONx6MvA',31,1,1),('t8RTjV5L8UK2T3Aei1ZSnQ','PbLzx2S4pECuLyOAYYlAlw',17,0,0),('t8RTjV5L8UK2T3Aei1ZSnQ','pLsiwDdUwh1M3SrEijw',30,1,1),('t8RTjV5L8UK2T3Aei1ZSnQ','pUkAgvtMVkmUJeIJCZO2wg',11,0,0),('t8RTjV5L8UK2T3Aei1ZSnQ','qvEKByuikauHTgBQtdDQ',21,1,0),('t8RTjV5L8UK2T3Aei1ZSnQ','RzjPinAtlUqhPQu6Sb4QQ',31,1,1),('t8RTjV5L8UK2T3Aei1ZSnQ','S94doHpiVkyk3n0wBQ9Wkg',11,0,0),('t8RTjV5L8UK2T3Aei1ZSnQ','u0c4KrWjrEqB4P6jRCwFBQ',11,0,0),('t8RTjV5L8UK2T3Aei1ZSnQ','UdAXIMTLRETVYqFkFodyA',20,0,0),('t8RTjV5L8UK2T3Aei1ZSnQ','XPktlqRTp0aS3z1DUgUytQ',22,1,0),('Twk1meukCttHwYvpvMHg','4LcwSZ7N90W4tb7MYAJOg',698,74,48),('Twk1meukCttHwYvpvMHg','5m9PHOV5GkuKnw7HuN1WdA',267,23,17),('Twk1meukCttHwYvpvMHg','9ELEoTsZb0K7Y8yMsBaJA',462,31,23),('Twk1meukCttHwYvpvMHg','AXVO8OXI0mQu9B12UI3g',1706,142,82),('Twk1meukCttHwYvpvMHg','azc16v8ms0Sjh3LuLBK8w',627,62,43),('Twk1meukCttHwYvpvMHg','cpcYfHbcyEaInktT8JeOpQ',1470,114,70),('Twk1meukCttHwYvpvMHg','ddS3I9L0mTpkzFGEJg',897,90,52),('Twk1meukCttHwYvpvMHg','eiFrmlawkmddyJ7evPvRA',1028,90,56),('Twk1meukCttHwYvpvMHg','GukVSnakJ02o0dxfFbmSbA',515,46,25),('Twk1meukCttHwYvpvMHg','HFJ5exaaEGndFxjI7hW7A',307,29,22),('Twk1meukCttHwYvpvMHg','JgSuMHUf2ky474hONx6MvA',1232,99,65),('Twk1meukCttHwYvpvMHg','PbLzx2S4pECuLyOAYYlAlw',675,68,45),('Twk1meukCttHwYvpvMHg','pLsiwDdUwh1M3SrEijw',1124,95,56),('Twk1meukCttHwYvpvMHg','pUkAgvtMVkmUJeIJCZO2wg',424,31,23),('Twk1meukCttHwYvpvMHg','qvEKByuikauHTgBQtdDQ',808,85,50),('Twk1meukCttHwYvpvMHg','RzjPinAtlUqhPQu6Sb4QQ',1369,106,65),('Twk1meukCttHwYvpvMHg','S94doHpiVkyk3n0wBQ9Wkg',353,29,23),('Twk1meukCttHwYvpvMHg','u0c4KrWjrEqB4P6jRCwFBQ',598,51,31),('Twk1meukCttHwYvpvMHg','UdAXIMTLRETVYqFkFodyA',747,83,48),('Twk1meukCttHwYvpvMHg','XPktlqRTp0aS3z1DUgUytQ',971,90,52),('tyS1eG0023sG8F4l2zeg','4LcwSZ7N90W4tb7MYAJOg',18,2,1),('tyS1eG0023sG8F4l2zeg','5m9PHOV5GkuKnw7HuN1WdA',5,0,1),('tyS1eG0023sG8F4l2zeg','9ELEoTsZb0K7Y8yMsBaJA',17,2,1),('tyS1eG0023sG8F4l2zeg','AXVO8OXI0mQu9B12UI3g',41,7,6),('tyS1eG0023sG8F4l2zeg','azc16v8ms0Sjh3LuLBK8w',22,2,1),('tyS1eG0023sG8F4l2zeg','cpcYfHbcyEaInktT8JeOpQ',41,7,6),('tyS1eG0023sG8F4l2zeg','ddS3I9L0mTpkzFGEJg',27,3,1),('tyS1eG0023sG8F4l2zeg','eiFrmlawkmddyJ7evPvRA',33,3,1),('tyS1eG0023sG8F4l2zeg','GukVSnakJ02o0dxfFbmSbA',16,2,1),('tyS1eG0023sG8F4l2zeg','HFJ5exaaEGndFxjI7hW7A',5,0,1),('tyS1eG0023sG8F4l2zeg','JgSuMHUf2ky474hONx6MvA',40,3,1),('tyS1eG0023sG8F4l2zeg','PbLzx2S4pECuLyOAYYlAlw',22,2,1),('tyS1eG0023sG8F4l2zeg','pLsiwDdUwh1M3SrEijw',34,3,1),('tyS1eG0023sG8F4l2zeg','pUkAgvtMVkmUJeIJCZO2wg',6,1,1),('tyS1eG0023sG8F4l2zeg','qvEKByuikauHTgBQtdDQ',28,2,1),('tyS1eG0023sG8F4l2zeg','RzjPinAtlUqhPQu6Sb4QQ',41,3,1),('tyS1eG0023sG8F4l2zeg','S94doHpiVkyk3n0wBQ9Wkg',5,0,1),('tyS1eG0023sG8F4l2zeg','u0c4KrWjrEqB4P6jRCwFBQ',22,2,1),('tyS1eG0023sG8F4l2zeg','UdAXIMTLRETVYqFkFodyA',23,2,1),('tyS1eG0023sG8F4l2zeg','XPktlqRTp0aS3z1DUgUytQ',27,3,1),('vyWy4nxHUOuovZ0C1tdLg','4LcwSZ7N90W4tb7MYAJOg',2,0,1),('vyWy4nxHUOuovZ0C1tdLg','5m9PHOV5GkuKnw7HuN1WdA',1,0,0),('vyWy4nxHUOuovZ0C1tdLg','9ELEoTsZb0K7Y8yMsBaJA',2,0,0),('vyWy4nxHUOuovZ0C1tdLg','AXVO8OXI0mQu9B12UI3g',8,1,1),('vyWy4nxHUOuovZ0C1tdLg','azc16v8ms0Sjh3LuLBK8w',2,0,0),('vyWy4nxHUOuovZ0C1tdLg','cpcYfHbcyEaInktT8JeOpQ',8,1,1),('vyWy4nxHUOuovZ0C1tdLg','ddS3I9L0mTpkzFGEJg',3,0,1),('vyWy4nxHUOuovZ0C1tdLg','eiFrmlawkmddyJ7evPvRA',3,0,1),('vyWy4nxHUOuovZ0C1tdLg','GukVSnakJ02o0dxfFbmSbA',2,0,0),('vyWy4nxHUOuovZ0C1tdLg','HFJ5exaaEGndFxjI7hW7A',1,0,0),('vyWy4nxHUOuovZ0C1tdLg','JgSuMHUf2ky474hONx6MvA',5,0,1),('vyWy4nxHUOuovZ0C1tdLg','PbLzx2S4pECuLyOAYYlAlw',2,0,0),('vyWy4nxHUOuovZ0C1tdLg','pLsiwDdUwh1M3SrEijw',3,0,1),('vyWy4nxHUOuovZ0C1tdLg','pUkAgvtMVkmUJeIJCZO2wg',2,0,0),('vyWy4nxHUOuovZ0C1tdLg','qvEKByuikauHTgBQtdDQ',3,0,1),('vyWy4nxHUOuovZ0C1tdLg','RzjPinAtlUqhPQu6Sb4QQ',8,0,1),('vyWy4nxHUOuovZ0C1tdLg','S94doHpiVkyk3n0wBQ9Wkg',1,0,0),('vyWy4nxHUOuovZ0C1tdLg','u0c4KrWjrEqB4P6jRCwFBQ',2,0,0),('vyWy4nxHUOuovZ0C1tdLg','UdAXIMTLRETVYqFkFodyA',2,0,1),('vyWy4nxHUOuovZ0C1tdLg','XPktlqRTp0aS3z1DUgUytQ',3,0,1),('w17Jrmxk6EWPgRwDMzKcFg','4LcwSZ7N90W4tb7MYAJOg',2,0,0),('w17Jrmxk6EWPgRwDMzKcFg','5m9PHOV5GkuKnw7HuN1WdA',0,0,0),('w17Jrmxk6EWPgRwDMzKcFg','9ELEoTsZb0K7Y8yMsBaJA',0,0,0),('w17Jrmxk6EWPgRwDMzKcFg','AXVO8OXI0mQu9B12UI3g',16,0,0),('w17Jrmxk6EWPgRwDMzKcFg','azc16v8ms0Sjh3LuLBK8w',2,0,0),('w17Jrmxk6EWPgRwDMzKcFg','cpcYfHbcyEaInktT8JeOpQ',16,0,0),('w17Jrmxk6EWPgRwDMzKcFg','ddS3I9L0mTpkzFGEJg',2,0,0),('w17Jrmxk6EWPgRwDMzKcFg','eiFrmlawkmddyJ7evPvRA',8,0,0),('w17Jrmxk6EWPgRwDMzKcFg','GukVSnakJ02o0dxfFbmSbA',0,0,0),('w17Jrmxk6EWPgRwDMzKcFg','HFJ5exaaEGndFxjI7hW7A',0,0,0),('w17Jrmxk6EWPgRwDMzKcFg','JgSuMHUf2ky474hONx6MvA',15,0,0),('w17Jrmxk6EWPgRwDMzKcFg','PbLzx2S4pECuLyOAYYlAlw',2,0,0),('w17Jrmxk6EWPgRwDMzKcFg','pLsiwDdUwh1M3SrEijw',8,0,0),('w17Jrmxk6EWPgRwDMzKcFg','pUkAgvtMVkmUJeIJCZO2wg',0,0,0),('w17Jrmxk6EWPgRwDMzKcFg','qvEKByuikauHTgBQtdDQ',2,0,0),('w17Jrmxk6EWPgRwDMzKcFg','RzjPinAtlUqhPQu6Sb4QQ',15,0,0),('w17Jrmxk6EWPgRwDMzKcFg','S94doHpiVkyk3n0wBQ9Wkg',0,0,0),('w17Jrmxk6EWPgRwDMzKcFg','u0c4KrWjrEqB4P6jRCwFBQ',0,0,0),('w17Jrmxk6EWPgRwDMzKcFg','UdAXIMTLRETVYqFkFodyA',2,0,0),('w17Jrmxk6EWPgRwDMzKcFg','XPktlqRTp0aS3z1DUgUytQ',8,0,0),('w6Trqv7fzkuqCMXdiO4sw','4LcwSZ7N90W4tb7MYAJOg',1,0,0),('w6Trqv7fzkuqCMXdiO4sw','5m9PHOV5GkuKnw7HuN1WdA',0,0,0),('w6Trqv7fzkuqCMXdiO4sw','9ELEoTsZb0K7Y8yMsBaJA',1,0,0),('w6Trqv7fzkuqCMXdiO4sw','AXVO8OXI0mQu9B12UI3g',3,0,1),('w6Trqv7fzkuqCMXdiO4sw','azc16v8ms0Sjh3LuLBK8w',1,0,0),('w6Trqv7fzkuqCMXdiO4sw','cpcYfHbcyEaInktT8JeOpQ',3,0,1),('w6Trqv7fzkuqCMXdiO4sw','ddS3I9L0mTpkzFGEJg',1,0,1),('w6Trqv7fzkuqCMXdiO4sw','eiFrmlawkmddyJ7evPvRA',1,0,1),('w6Trqv7fzkuqCMXdiO4sw','GukVSnakJ02o0dxfFbmSbA',1,0,0),('w6Trqv7fzkuqCMXdiO4sw','HFJ5exaaEGndFxjI7hW7A',1,0,0),('w6Trqv7fzkuqCMXdiO4sw','JgSuMHUf2ky474hONx6MvA',1,0,1),('w6Trqv7fzkuqCMXdiO4sw','PbLzx2S4pECuLyOAYYlAlw',1,0,0),('w6Trqv7fzkuqCMXdiO4sw','pLsiwDdUwh1M3SrEijw',1,0,1),('w6Trqv7fzkuqCMXdiO4sw','pUkAgvtMVkmUJeIJCZO2wg',1,0,0),('w6Trqv7fzkuqCMXdiO4sw','qvEKByuikauHTgBQtdDQ',1,0,1),('w6Trqv7fzkuqCMXdiO4sw','RzjPinAtlUqhPQu6Sb4QQ',1,0,1),('w6Trqv7fzkuqCMXdiO4sw','S94doHpiVkyk3n0wBQ9Wkg',1,0,0),('w6Trqv7fzkuqCMXdiO4sw','u0c4KrWjrEqB4P6jRCwFBQ',1,0,0),('w6Trqv7fzkuqCMXdiO4sw','UdAXIMTLRETVYqFkFodyA',1,0,0),('w6Trqv7fzkuqCMXdiO4sw','XPktlqRTp0aS3z1DUgUytQ',1,0,1),('wIwlbPASxEaN92Fb4BmTXg','4LcwSZ7N90W4tb7MYAJOg',9,0,0),('wIwlbPASxEaN92Fb4BmTXg','5m9PHOV5GkuKnw7HuN1WdA',2,0,0),('wIwlbPASxEaN92Fb4BmTXg','9ELEoTsZb0K7Y8yMsBaJA',3,0,0),('wIwlbPASxEaN92Fb4BmTXg','AXVO8OXI0mQu9B12UI3g',10,2,3),('wIwlbPASxEaN92Fb4BmTXg','azc16v8ms0Sjh3LuLBK8w',3,0,0),('wIwlbPASxEaN92Fb4BmTXg','cpcYfHbcyEaInktT8JeOpQ',10,2,3),('wIwlbPASxEaN92Fb4BmTXg','ddS3I9L0mTpkzFGEJg',10,2,2),('wIwlbPASxEaN92Fb4BmTXg','eiFrmlawkmddyJ7evPvRA',10,2,2),('wIwlbPASxEaN92Fb4BmTXg','GukVSnakJ02o0dxfFbmSbA',3,0,0),('wIwlbPASxEaN92Fb4BmTXg','HFJ5exaaEGndFxjI7hW7A',2,0,0),('wIwlbPASxEaN92Fb4BmTXg','JgSuMHUf2ky474hONx6MvA',12,2,2),('wIwlbPASxEaN92Fb4BmTXg','PbLzx2S4pECuLyOAYYlAlw',8,0,0),('wIwlbPASxEaN92Fb4BmTXg','pLsiwDdUwh1M3SrEijw',10,2,2),('wIwlbPASxEaN92Fb4BmTXg','pUkAgvtMVkmUJeIJCZO2wg',3,0,0),('wIwlbPASxEaN92Fb4BmTXg','qvEKByuikauHTgBQtdDQ',10,2,2),('wIwlbPASxEaN92Fb4BmTXg','RzjPinAtlUqhPQu6Sb4QQ',10,2,3),('wIwlbPASxEaN92Fb4BmTXg','S94doHpiVkyk3n0wBQ9Wkg',2,0,0),('wIwlbPASxEaN92Fb4BmTXg','u0c4KrWjrEqB4P6jRCwFBQ',3,0,0),('wIwlbPASxEaN92Fb4BmTXg','UdAXIMTLRETVYqFkFodyA',9,2,2),('wIwlbPASxEaN92Fb4BmTXg','XPktlqRTp0aS3z1DUgUytQ',10,2,2),('yI58XErOe0qx5RtoFlqoVw','4LcwSZ7N90W4tb7MYAJOg',3,0,0),('yI58XErOe0qx5RtoFlqoVw','5m9PHOV5GkuKnw7HuN1WdA',1,0,0),('yI58XErOe0qx5RtoFlqoVw','9ELEoTsZb0K7Y8yMsBaJA',1,0,0),('yI58XErOe0qx5RtoFlqoVw','AXVO8OXI0mQu9B12UI3g',12,0,1),('yI58XErOe0qx5RtoFlqoVw','azc16v8ms0Sjh3LuLBK8w',1,0,0),('yI58XErOe0qx5RtoFlqoVw','cpcYfHbcyEaInktT8JeOpQ',12,0,1),('yI58XErOe0qx5RtoFlqoVw','ddS3I9L0mTpkzFGEJg',7,0,1),('yI58XErOe0qx5RtoFlqoVw','eiFrmlawkmddyJ7evPvRA',10,0,1),('yI58XErOe0qx5RtoFlqoVw','GukVSnakJ02o0dxfFbmSbA',2,0,0),('yI58XErOe0qx5RtoFlqoVw','HFJ5exaaEGndFxjI7hW7A',1,0,0),('yI58XErOe0qx5RtoFlqoVw','JgSuMHUf2ky474hONx6MvA',12,0,1),('yI58XErOe0qx5RtoFlqoVw','PbLzx2S4pECuLyOAYYlAlw',2,0,0),('yI58XErOe0qx5RtoFlqoVw','pLsiwDdUwh1M3SrEijw',11,0,1),('yI58XErOe0qx5RtoFlqoVw','pUkAgvtMVkmUJeIJCZO2wg',2,0,0),('yI58XErOe0qx5RtoFlqoVw','qvEKByuikauHTgBQtdDQ',3,0,1),('yI58XErOe0qx5RtoFlqoVw','RzjPinAtlUqhPQu6Sb4QQ',12,0,1),('yI58XErOe0qx5RtoFlqoVw','S94doHpiVkyk3n0wBQ9Wkg',1,0,0),('yI58XErOe0qx5RtoFlqoVw','u0c4KrWjrEqB4P6jRCwFBQ',1,0,0),('yI58XErOe0qx5RtoFlqoVw','UdAXIMTLRETVYqFkFodyA',3,0,0),('yI58XErOe0qx5RtoFlqoVw','XPktlqRTp0aS3z1DUgUytQ',10,0,1),('zLZ63H8DdE2wyYFizoFwGw','4LcwSZ7N90W4tb7MYAJOg',3,0,0),('zLZ63H8DdE2wyYFizoFwGw','5m9PHOV5GkuKnw7HuN1WdA',0,0,0),('zLZ63H8DdE2wyYFizoFwGw','9ELEoTsZb0K7Y8yMsBaJA',3,0,0),('zLZ63H8DdE2wyYFizoFwGw','AXVO8OXI0mQu9B12UI3g',15,0,1),('zLZ63H8DdE2wyYFizoFwGw','azc16v8ms0Sjh3LuLBK8w',3,0,0),('zLZ63H8DdE2wyYFizoFwGw','cpcYfHbcyEaInktT8JeOpQ',11,0,1),('zLZ63H8DdE2wyYFizoFwGw','ddS3I9L0mTpkzFGEJg',3,0,0),('zLZ63H8DdE2wyYFizoFwGw','eiFrmlawkmddyJ7evPvRA',5,0,1),('zLZ63H8DdE2wyYFizoFwGw','GukVSnakJ02o0dxfFbmSbA',3,0,0),('zLZ63H8DdE2wyYFizoFwGw','HFJ5exaaEGndFxjI7hW7A',3,0,0),('zLZ63H8DdE2wyYFizoFwGw','JgSuMHUf2ky474hONx6MvA',7,0,1),('zLZ63H8DdE2wyYFizoFwGw','PbLzx2S4pECuLyOAYYlAlw',3,0,0),('zLZ63H8DdE2wyYFizoFwGw','pLsiwDdUwh1M3SrEijw',6,0,1),('zLZ63H8DdE2wyYFizoFwGw','pUkAgvtMVkmUJeIJCZO2wg',3,0,0),('zLZ63H8DdE2wyYFizoFwGw','qvEKByuikauHTgBQtdDQ',3,0,0),('zLZ63H8DdE2wyYFizoFwGw','RzjPinAtlUqhPQu6Sb4QQ',7,0,1),('zLZ63H8DdE2wyYFizoFwGw','S94doHpiVkyk3n0wBQ9Wkg',3,0,0),('zLZ63H8DdE2wyYFizoFwGw','u0c4KrWjrEqB4P6jRCwFBQ',3,0,0),('zLZ63H8DdE2wyYFizoFwGw','UdAXIMTLRETVYqFkFodyA',3,0,0),('zLZ63H8DdE2wyYFizoFwGw','XPktlqRTp0aS3z1DUgUytQ',6,0,0);
/*!40000 ALTER TABLE `outbreakData` ENABLE KEYS */;
UNLOCK TABLES;

--
-- Table structure for table `province`
--

DROP TABLE IF EXISTS `province`;
/*!40101 SET @saved_cs_client     = @@character_set_client */;
/*!40101 SET character_set_client = utf8 */;
CREATE TABLE `province` (
  `id` varchar(22) NOT NULL,
  `provinceName` varchar(30) NOT NULL,
  `provincePopulation` int(11) NOT NULL,
  `provinceWeb` varchar(255) DEFAULT NULL,
  PRIMARY KEY (`id`)
) ENGINE=InnoDB DEFAULT CHARSET=utf8mb4;
/*!40101 SET character_set_client = @saved_cs_client */;

--
-- Dumping data for table `province`
--

LOCK TABLES `province` WRITE;
/*!40000 ALTER TABLE `province` DISABLE KEYS */;
INSERT INTO `province` VALUES ('0cmJ5kgWtEGZ4eZBEt7ezQ','Aceh',4494410,'https://covid19.acehprov.go.id/'),('0rGgf9SEh0q9P7MyKahEVw','Sulawesi Tengah',2635009,'https://dinkes.sultengprov.go.id/category/covid-19/'),('1PdfckBsPUCrz3ygueR4A','Nusa Tenggara Timur',4683827,''),('2KYRFQ4067yrB6tpcMqA','Kalimantan Selatan',3626616,'http://corona.kalselprov.go.id/'),('4uO5MS3PEKpG0RKKtU6g','Bali',3890757,'https://infocorona.baliprov.go.id/'),('4wpzmR6HOECwiejxwX4Opw','Sulawesi Selatan',8034776,'https://covid19.sulselprov.go.id/'),('5dbusfRghEu16J5Zc5d9pA','Jawa Barat',43053732,'https://pikobar.jabarprov.go.id/'),('7TusRXLdzUCkHROKOcOAUg','Papua Barat',760422,''),('8KltcQKGFEy0pckYwJYSIA','Gorontalo',1040164,''),('a22L6VExwkau5FGRPmTmLQ','Sumatera Selatan',7450394,'http://corona.sumselprov.go.id/'),('cstTRNxzykClQfGPGdKUug','Sumatera Barat',4846909,'https://corona.sumbarprov.go.id/'),('d092eQxgpUe1qp8tLm4zyQ','Bengkulu',1715518,''),('dOcvMfmwv0yV12wS9pl9rA','Jawa Tengah',32382657,'https://corona.jatengprov.go.id/'),('dVgdpyFmOUeZZms2KP2KYg','Jawa Timur',37476757,'http://infocovid19.jatimprov.go.id/'),('FoLn0GUCR0iRXrVhtAZnQA','Kepulauan Bangka Belitung',1223296,''),('Gn67S0kfEqytAqdoZXHWQ','Nusa Tenggara Barat',4500212,'https://corona.ntbprov.go.id/'),('GprcHPtrEuz5auwRo1HBg','Kepulauan Riau',1679163,'http://corona.kepriprov.go.id/'),('ixmDMLN5aEiInvt29EfFCg','Lampung',7608405,'https://geoportal.lampungprov.go.id/corona/'),('kKLBrA6qUOylJKh5hiVQ','Banten',10632166,'https://infocorona.bantenprov.go.id/'),('m6nzFXMcxUaWoJMKmo43GA','Kalimantan Tengah',2212089,'http://corona.kalteng.go.id/'),('nCZPoG9JAkGwpF3au4dCg','Papua',2833381,''),('RNwOKlZk2LEw8y8dew9g','Jambi',3092265,'http://covid19.jambikota.go.id/'),('RuwdWMMSJkTLm8l5MA2rQ','Sumatera Utara',12982204,'http://covid19.sumutprov.go.id/'),('rXHRQl3KE6DBk5nrcsIMQ','Maluku Utara',1038087,''),('T5VqpuXenUSMWZQCBLg9BA','Sulawesi Barat',1158651,''),('t8RTjV5L8UK2T3Aei1ZSnQ','Kalimantan Timur',3553143,'http://covid19.kaltimprov.go.id/'),('Twk1meukCttHwYvpvMHg','DKI Jakarta',9607787,'https://corona.jakarta.go.id/id'),('tyS1eG0023sG8F4l2zeg','Daerah Istimewa Yogyakarta',3457491,'http://corona.jogjaprov.go.id/'),('vyWy4nxHUOuovZ0C1tdLg','Sulawesi Utara',2270596,'http://corona.sulutprov.go.id/'),('w17Jrmxk6EWPgRwDMzKcFg','Kalimantan Utara',738163,'http://humas.kaltaraprov.go.id/'),('w6Trqv7fzkuqCMXdiO4sw','Maluku',1533506,'https://corona.malukuprov.go.id/'),('wIwlbPASxEaN92Fb4BmTXg','Kalimantan Barat',4395983,'https://dinkes.kalbarprov.go.id/covid-19/'),('yI58XErOe0qx5RtoFlqoVw','Riau',5538367,'https://corona.riau.go.id/'),('zLZ63H8DdE2wyYFizoFwGw','Sulawesi Tenggara',2232586,'http://dinkes.sultraprov.go.id/');
/*!40000 ALTER TABLE `province` ENABLE KEYS */;
UNLOCK TABLES;
/*!40103 SET TIME_ZONE=@OLD_TIME_ZONE */;

/*!40101 SET SQL_MODE=@OLD_SQL_MODE */;
/*!40014 SET FOREIGN_KEY_CHECKS=@OLD_FOREIGN_KEY_CHECKS */;
/*!40014 SET UNIQUE_CHECKS=@OLD_UNIQUE_CHECKS */;
/*!40101 SET CHARACTER_SET_CLIENT=@OLD_CHARACTER_SET_CLIENT */;
/*!40101 SET CHARACTER_SET_RESULTS=@OLD_CHARACTER_SET_RESULTS */;
/*!40101 SET COLLATION_CONNECTION=@OLD_COLLATION_CONNECTION */;
/*!40111 SET SQL_NOTES=@OLD_SQL_NOTES */;

-- Dump completed on 2021-01-03 21:27:52
